category,version,live_name,source_file,statement_count
source_only_before_live_max,20260626140914,,20260626140914_adoption_coordinator_foundation.sql,
source_only_before_live_max,20260626144836,,20260626144836_adoption_coordinator_workflow_rpcs.sql,
source_only_before_live_max,20260626201620,,20260626201620_secure_adoption_applications_policy.sql,
source_only_before_live_max,20260626202523,,20260626202523_harden_webhook_event_processing.sql,
source_only_before_live_max,20260627091500,,20260627091500_tighten_animals_admin_policy.sql,
source_only_before_live_max,20260628120000,,20260628120000_harden_receipt_and_payment_lifecycle.sql,
source_only_before_live_max,20260628130000,,20260628130000_harden_role_grants_drop_stale_policy.sql,
source_only_before_live_max,20260628140000,,20260628140000_revoke_residual_anon_grants.sql,
source_only_before_live_max,20260628143000,,20260628143000_coordinator_ops_workbench.sql,
source_only_before_live_max,20260628150000,,20260628150000_revoke_residual_anon_write_grants.sql,
source_only_before_live_max,20260628160000,,20260628160000_validate_rpc_actor.sql,
source_only_before_live_max,20260630120000,,20260630120000_donation_lifecycle_integrity.sql,
source_only_before_live_max,20260701105726,,20260701105726_admin_access_management.sql,
source_only_before_live_max,20260701185227,,20260701185227_public_adoption_journey_phase_1.sql,
source_only_before_live_max,20260702130000,,20260702130000_sponsorship_pledge_phase_2.sql,
source_only_before_live_max,20260704165600,,20260704165600_volunteer_activity_management_v1.sql,
source_only_before_live_max,20260705120000,,20260705120000_story_promotion_center.sql,
live_only,20260707094012,story_promotion_center,,1
source_only_before_live_max,20260716120000,,20260716120000_contextual_donation_attribution.sql,
source_only_before_live_max,20260718120000,,20260718120000_group_enquiries_and_knowledge.sql,
source_only_before_live_max,20260718121000,,20260718121000_seed_knowledge_guides.sql,
source_only_before_live_max,20260718122000,,20260718122000_correct_service_slogan.sql,
source_only_before_live_max,20260720100000,,20260720100000_cod_alipayhk_payment_support.sql,
live_only,20260724023312,group_enquiries_and_knowledge,,1
live_only,20260724023618,seed_knowledge_guides,,1
live_only,20260726170246,correct_service_slogan,,1
source_only_before_live_max,20260731120000,,20260731120000_adoption_guide_release_cms.sql,
live_only,20260731164635,adoption_guide_release_cms,,1
live_only,20260731171123,adoption_guide_release_cms_advisor_fixes,,1
source_only_before_live_max,20260801180000,,20260801180000_adoption_guide_release_cms_advisor_fixes.sql,
source_only_before_live_max,20260805120000,,20260805120000_animal_mutation_audit_atomicity.sql,
source_only_before_live_max,20260816120000,,20260816120000_cod_payment_order_reference.sql,
source_only_before_live_max,20260829120000,,20260829120000_governance_board_members.sql,
source_only_before_live_max,20260829180000,,20260829180000_sponsorship_pledge_admin_review.sql,
source_only_before_live_max,20260830120000,,20260830120000_faq_entry.sql,
source_only_before_live_max,20260830130000,,20260830130000_adoption_rules_care_topics.sql,
source_only_before_live_max,20260830140000,,20260830140000_about_page_content.sql,
source_only_before_live_max,20260831120000,,20260831120000_payment_public_config.sql,
source_only_before_live_max,20260831160000,,20260831160000_content_media_storage_bucket.sql,
source_only_before_live_max,20260905144848,,20260905144848_public_supporter_identity_claims.sql,
source_only_before_live_max,20260905150012,,20260905150012_content_revision_lifecycle.sql,
source_only_before_live_max,20260905155357,,20260905155357_crm_manual_gift_delivery_jobs.sql,
source_only_before_live_max,20260905155426,,20260905155426_content_private_media_sessions.sql,
source_only_before_live_max,20260905162615,,20260905162615_crm_complete_read_models.sql,
source_only_before_live_max,20260905163559,,20260905163559_content_bounded_authoring_reads.sql,
source_only_before_live_max,20260905163900,,20260905163900_volunteer_atomic_approval.sql,
live_only,20260906062155,cms_payment_read_compatibility_repair,,1
source_only_before_live_max,20260906162436,,20260906162436_animal_catalog_membership.sql,
live_only,20260906173545,animal_catalog_membership,,1
source_only_before_live_max,20260906181657,,20260906181657_animal_public_profile.sql,
live_only,20260907011009,animal_public_profile,,1
source_only_before_live_max,20260911120000,,20260911120000_sponsorship_public_identity_protection.sql,
source_only_before_live_max,20260911130000,,20260911130000_animal_images_bucket.sql,
source_only_before_live_max,20260911140000,,20260911140000_animal_publication_state.sql,
source_only_before_live_max,20260911150000,,20260911150000_preserve_eligibility_on_species_change.sql,
source_only_before_live_max,20260911160000,,20260911160000_correct_legacy_sponsor_species.sql,
source_only_before_live_max,20260911170000,,20260911170000_publish_fostered_animals.sql,
source_only_before_live_max,20260911180000,,20260911180000_sponsorship_second_month.sql,
source_only_before_live_max,20260911190000,,20260911190000_sponsorship_monthly_ledger.sql,
live_only,20260912073702,public_supporter_identity_claims,,1
live_only,20260912073842,sponsorship_public_identity_protection,,1
live_only,20260912074006,crm_manual_gift_delivery_jobs,,1
live_only,20260912074036,volunteer_atomic_approval,,1
live_only,20260912074117,animal_images_bucket,,1
live_only,20260912074156,animal_publication_state,,1
live_only,20260912074228,preserve_eligibility_on_species_change,,1
live_only,20260912074346,correct_legacy_sponsor_species,,1
live_only,20260912074430,publish_fostered_animals,,1
live_only,20260912074524,sponsorship_second_month,,1
live_only,20260912074646,sponsorship_monthly_ledger,,1
live_only,20260912074747,sponsorship_assignments,,1
source_only_before_live_max,20260912120000,,20260912120000_sponsorship_assignments.sql,
