version,file,sha256,new_tables,public_functions,requires_manual_lock_backfill_review
20260915120000,20260915120000_content_admin_filters.sql,404dfb0c6786d2a429164d3045066327cc4b7679beaff4a2a995d14377937f3f,,read_content_admin_summaries,yes
20260925040818,20260925040818_featured_public_story_filter.sql,91a433c90094115ebafb5da9df3229a097786519517dde29f31b59cb1828079a,,read_published_content_snapshots,yes
20260925053245,20260925053245_cms_promotion_atomicity.sql,38910624f9db3acd9ab2e3980af32158311eaae273fafcba40b24e51d524eb09,recipient_notification_draft_duplicate_archive,cms_promotion_command,yes
20260925103900,20260925103900_atomic_admin_content_audit.sql,c8dc909d570956aaf8215ec61951ad44c4d19655aca072033e05342e18466376,,mutate_admin_content_with_audit,yes
20260925103937,20260925103937_atomic_crm_supporter_audit.sql,fb645a5610d935d83ff0f696825157b57f04bf1251cd6bbe4398cbe72d13eff2,,append_crm_consents_with_audit;mutate_crm_supporter_with_audit;replace_supporter_roles_atomic,yes
20260925104012,20260925104012_donation_checkout_idempotency.sql,c4c1f4641a71928d3d9c56cf09bb18ae9a29c8622adf5638a28fb565fe66cc6f,,,yes
20260925104051,20260925104051_volunteer_public_registration_idempotency.sql,90854ca126dc25871da809ff9a9eafeab9031cb24ccccf1f5429a58acc35a1a4,,clone_volunteer_activity_with_audit;create_volunteer_registration_idempotent,yes
20260925104926,20260925104926_atomic_adoption_coordinator_audit.sql,042358ee2316c37d5b5c569f16a617f06ac0e5da6a5a8014aacb08d0b87eef52,,mutate_adoption_coordinator_with_audit,yes
20260925110000,20260925110000_admin_user_access_atomicity.sql,b70ad0338c0d55a4b2538e3ecf30ed163674da6d0170383726f6046c1a03094d,,invite_admin_user_with_audit;resend_admin_invite_with_audit;update_admin_user_with_audit,yes
20260925123000,20260925123000_adoption_upload_intents.sql,c2050b994ad981a18a14da61b93a63999b4203a6bcc09887f827615bf2a22456,adoption_upload_intent,,yes
20260925133500,20260925133500_atomic_admin_invite_activation.sql,36bafa9a964bebb4afdfa84499c71ee31f6fcbe9198bbd180c0742c9dcd860dc,,activate_admin_invite_with_audit,yes
20260925141325,20260925141325_animal_archive_atomic_audit.sql,abccd9024b4ecac9d79b42b6020e848027dad485475bd0d03bca3e6b468fc926,,set_animal_archived_with_audit,yes
20260925143941,20260925143941_guarded_provider_denial.sql,aa60fdab2bb5ad2ed139f326c7d46d339c11d11082d9a91793792456041dd71a,,fail_pending_provider_payment,yes
20260925144915,20260925144915_guarded_provider_refund.sql,4dfb12ed960f549567b21833590d8bed90e5c46487acd8bf39d774c48797a797,,refund_provider_payment_atomically,yes
20260925150722,20260925150722_revoke_public_role_maintenance_privileges.sql,28c0155046bdaf1b2688a5d43e0630ed3e3d717c6c20fb818476b8582f7ec98a,,,yes
20260926060314,20260926060314_atomic_group_enquiry_audit.sql,6dee675834e610f0e173d94bd332e38c789f50cd27a23470f5fc567bd4c0a4b7,,update_group_enquiry_with_audit,yes
20260926070652,20260926070652_sponsorship_proof_upload_cleanup.sql,6e8b4eb998880726171e335222ff4e0a4eb7b86dad45cbf11e069d84060f032b,sponsorship_proof_upload_intent,claim_expired_sponsorship_proof_uploads;mark_sponsorship_proof_upload_submitted,yes
20260926074203,20260926074203_internship_attachment_upload_cleanup.sql,84243ffbb35c2bc394bbf8888c829389b1620c0ba7fa9f060a17e10d8a99033f,internship_attachment_upload_intent,claim_expired_internship_attachment_uploads;mark_internship_attachment_uploaded,yes
20260926082239,20260926082239_atomic_receipt_void_audit.sql,6c4e791b3ed2c43b7163934d2e2c9f41dc3739d2842dd56d89f222a215b6dd3a,,void_donation_receipts_with_audit;void_receipt_with_audit,yes
20260926083940,20260926083940_atomic_manual_receipt_issue_audit.sql,079dc9c28ad43922a3854d26865778b92e97e2ff48aa96848bb662e3c144507e,,issue_receipt_with_audit,yes
20260926091057,20260926091057_staff_sponsorship_proof_upload_cleanup.sql,cd91efc51c846d401f25feaebd42a80d08cee98c138cfd60ae90e497413b9db0,sponsorship_staff_proof_upload_intent,claim_expired_staff_sponsorship_proof_uploads;mark_staff_sponsorship_proof_attached;reserve_staff_sponsorship_proof_upload,yes
20260926100000,20260926100000_public_submission_retry_fingerprints.sql,1cd2601c57c3c761405fc3ff0578aada7c8bc26eb31860fef1c29f92c3f94a5a,,,yes
20260926110000,20260926110000_manual_case_identity_search.sql,f755fc4e3e428b0902472cc9959df57d248067e234d7da640383bcfdaa41b4f0,,search_manual_case_identity,yes
20260926120000,20260926120000_volunteer_notification_exhausted_claim_recovery.sql,0f920648366cd26b9605346a380c784df58021df2988494b0c34eff57ab29e54,,claim_volunteer_operation_outbox,yes
20260926130000,20260926130000_atomic_adoption_case_status_validation.sql,e8bbb2bf22d78fea945e0ca9e9080db6f118e22b481dc93ba8bcb8f0663c3d01,,change_adoption_case_status,yes
20260926133000,20260926133000_expose_manual_adoption_case_rpc.sql,ba9a4fcffb7c3746b297afaa4875f0183d5e84610b9574149aac574ce660553a,,create_manual_adoption_case,yes
20260926140000,20260926140000_cleanup_expired_adoption_applications.sql,f7b85de975da15d3592d96ebb0563827b072a4b2d357e952037e3d8caa1ef2e2,,cleanup_expired_adoption_application,yes
20260926143000,20260926143000_atomic_public_sponsorship_pledge.sql,00018d736b2db687f614399f76a6ccdf18b14918615d081db289da022d1e0500,,create_public_sponsorship_pledge,yes
20260926150000,20260926150000_guard_published_document_slots.sql,c94bf17c10a44fd48a8f5b041673da4094413367004da9f48c2d1ac1e7f48c06,,,yes
20260926152438,20260926152438_adoption_instruction_page_cms.sql,d22de4b2c37e40a8058d0a3238b6d56b03b7a4f768f21d42bb1c7f9d26fa1bcd,adoption_instruction_pages;adoption_instruction_publish_requests;adoption_instruction_revisions,archive_adoption_instruction_draft;ensure_adoption_instruction_draft;publish_adoption_instruction_page;restore_adoption_instruction_revision;update_adoption_instruction_draft,yes
20260926160000,20260926160000_animal_draft_upload_cleanup.sql,9776db188a7ce7891956cb7a24b13abbbb6759b7387b87e38a34b96419b2b750,animal_draft_image_upload_intent,claim_expired_animal_draft_image_uploads;mark_animal_draft_image_attached;reserve_animal_draft_image_upload,yes
20260926170000,20260926170000_animal_publication_media_copy.sql,94e5f795a543860bb47e710561c2c679f811dcacc39ac6ab30d17c4d9ef08317,animal_publication_media_copy,claim_due_animal_publication_media_copies;mark_animal_publication_media_copied;queue_animal_publication_media_copy,yes
20260926180000,20260926180000_animal_publication_publish_receipt.sql,e84dd5298fed3eca3b961b8dc0c0d08892f9d16bdf94cb700db63d7c7e9b5fdd,animal_publication_publish_receipt,publish_animal_publication_once,yes
20260926190000,20260926190000_content_publication_media_after_commit.sql,d0fcb0c6ebbcfbfaf2bd245964815d6052c30880919d5344b806f9c1f072c53f,,claim_due_content_public_assets;mark_claimed_content_public_asset_ready;prepare_content_public_assets,yes
20260927122000,20260927122000_content_publication_eligibility.sql,bc021c0f63ddfa5b9bb4e81cfc83ba75bd9e828ef85483e739c282dce731ed1b,,read_published_content_snapshots;set_content_publication_metadata,yes
20260927130000,20260927130000_sponsor_public_profile_fields.sql,fd209e458358fd899aabbda721bec471b1c00f0fc92ce360ce2ada43366ae147,,private.is_valid_animal_public_profile,yes
20260927140000,20260927140000_media_repair_retry_schedule.sql,dfe96f1a4f8d73a0e8f606e14fb2854d8c91c2b6818cc2917c279a0d85e1e429,,claim_due_animal_publication_media_copies;claim_due_content_public_assets;mark_repaired_animal_publication_media;mark_repaired_content_public_asset;fail_animal_publication_media_copy;fail_content_public_asset_copy;get_media_repair_backlog;retry_failed_media_repair,yes
20260927143710,20260927143710_public_animal_listing_page.sql,e2320e10dc29949dacb218ddd46ff28ad6afb3e3bdc865a1416e5306487a518d,,public_animal_listing_page,yes
20260927163302,20260927163302_supporter_marketing_preference.sql,3c945333e0ee484d61fcfca2c2e29e4dfef9805945d993b2409306eefdf2df89,,set_supporter_marketing_email,yes
20260927172030,20260927172030_crm_tag_bulk.sql,f106bf021bcc557acf18300bc8a02ec102fb03f6ef677c4d00703cae3dc8fd00,crm_tag_bulk_operation;crm_tag_bulk_item,get_crm_tag_bulk_operation;create_crm_tag_bulk_preview;apply_crm_tag_bulk_item,yes
20260927181701,20260927181701_volunteer_review_bulk.sql,ab281bdd9c94b184772d4a59418f6563cb2b3f56fca53016a9d62fc8a9b3e3b0,volunteer_profile_review_assignment;volunteer_review_bulk_operation;volunteer_review_bulk_item,get_volunteer_review_bulk_operation;create_volunteer_review_bulk_preview;apply_volunteer_review_bulk_item,yes
20260927183000,20260927183000_adoption_assignment_bulk.sql,575ffb9b9b60f59c3c02d0866bf666d28365d0d8eaff98f792a19bc30801f682,adoption_assignment_bulk_operation;adoption_assignment_bulk_item;adoption_case.bulk_row_version,get_adoption_assignment_bulk_operation;create_adoption_assignment_bulk_preview;apply_adoption_assignment_bulk_item,yes
20260927184500,20260927184500_animal_review_bulk.sql,cfbabd9a6bb393ec90200bdb05c2ff6314c035e7839661e99365872362a69e52,animal_review_bulk_operation;animal_review_bulk_item,get_animal_review_bulk_operation;create_animal_review_bulk_preview;apply_animal_review_bulk_item,yes
20260927190000,20260927190000_cms_review_bulk.sql,ffbce79aa8220b3aa1105c84f81c6b1184986902b8a5a34b1189b1cd5b4a1764,cms_review_bulk_operation;cms_review_bulk_item,get_cms_review_bulk_operation;create_cms_review_bulk_preview;apply_cms_review_bulk_item,yes
20260927201916,20260927201916_manual_payment_atomic_reference.sql,211ef805cb09d643ca4b04f1e0d0e6fa54601af65ea60cfeb637d6882b327b66,payment_manual_bank_reference_unique,reconcile_manual_payment_atomic,yes
