live_version,live_name,source_version,source_file,live_sql_bytes,source_git_blob_bytes,sha256_relation
20260707094012,story_promotion_center,20260705120000,20260705120000_story_promotion_center.sql,11360,11361,final_lf_only
20260724023312,group_enquiries_and_knowledge,20260718120000,20260718120000_group_enquiries_and_knowledge.sql,4838,4842,different
20260724023618,seed_knowledge_guides,20260718121000,20260718121000_seed_knowledge_guides.sql,1536,4115,different
20260726170246,correct_service_slogan,20260718122000,20260718122000_correct_service_slogan.sql,532,533,final_lf_only
20260731164635,adoption_guide_release_cms,20260731120000,20260731120000_adoption_guide_release_cms.sql,25106,25107,final_lf_only
20260731171123,adoption_guide_release_cms_advisor_fixes,20260801180000,20260801180000_adoption_guide_release_cms_advisor_fixes.sql,2363,2364,final_lf_only
20260906173545,animal_catalog_membership,20260906162436,20260906162436_animal_catalog_membership.sql,3301,3711,different
20260907011009,animal_public_profile,20260906181657,20260906181657_animal_public_profile.sql,2362,2310,different
20260912073702,public_supporter_identity_claims,20260905144848,20260905144848_public_supporter_identity_claims.sql,9748,9749,final_lf_only
20260912073842,sponsorship_public_identity_protection,20260911120000,20260911120000_sponsorship_public_identity_protection.sql,5075,7249,different
20260912074006,crm_manual_gift_delivery_jobs,20260905155357,20260905155357_crm_manual_gift_delivery_jobs.sql,9418,9692,different
20260912074036,volunteer_atomic_approval,20260905163900,20260905163900_volunteer_atomic_approval.sql,5837,6011,different
20260912074117,animal_images_bucket,20260911130000,20260911130000_animal_images_bucket.sql,229,2160,different
20260912074156,animal_publication_state,20260911140000,20260911140000_animal_publication_state.sql,1268,3798,different
20260912074228,preserve_eligibility_on_species_change,20260911150000,20260911150000_preserve_eligibility_on_species_change.sql,778,2987,different
20260912074346,correct_legacy_sponsor_species,20260911160000,20260911160000_correct_legacy_sponsor_species.sql,3159,5447,different
20260912074430,publish_fostered_animals,20260911170000,20260911170000_publish_fostered_animals.sql,900,2850,different
20260912074524,sponsorship_second_month,20260911180000,20260911180000_sponsorship_second_month.sql,4888,9276,different
20260912074646,sponsorship_monthly_ledger,20260911190000,20260911190000_sponsorship_monthly_ledger.sql,18219,27035,different
20260912074747,sponsorship_assignments,20260912120000,20260912120000_sponsorship_assignments.sql,11197,19289,different
