stage,source_sha,viewport,run,score,lighthouse_version,chrome,fcp_ms,lcp_ms,tbt_ms,cls,speed_index_ms,total_byte_weight
before,f8d5e5d5840d1775efb7d7f4ae2768f6557096b5,1440x900,1,100,13.4.1,148.0.7778.96,483.8040000000001,563.8040000000001,0,0.010157,762.042381504047,1462126
before,f8d5e5d5840d1775efb7d7f4ae2768f6557096b5,1440x900,2,100,13.4.1,148.0.7778.96,484.01189999999997,564.0119,0,0.010157,745.3567437151241,1462126
before,f8d5e5d5840d1775efb7d7f4ae2768f6557096b5,1440x900,3,100,13.4.1,148.0.7778.96,487.99199999999996,567.992,0,0.010157,766.0957367096183,1462126
before,f8d5e5d5840d1775efb7d7f4ae2768f6557096b5,390x844,1,99,13.4.1,148.0.7778.96,1357.2,1657.2,74.5,0.017628,2005.8623038773537,1462126
before,f8d5e5d5840d1775efb7d7f4ae2768f6557096b5,390x844,2,99,13.4.1,148.0.7778.96,1363.115,1663.115,63,0.017628,1997.6216520771973,1462126
before,f8d5e5d5840d1775efb7d7f4ae2768f6557096b5,390x844,3,99,13.4.1,148.0.7778.96,1404.6097,1704.6097,68.5,0.017628,1986.404766076449,1462126
after,72d0fda625791d974cd1fcd3d565360766b93bd8,1440x900,1,100,13.4.1,148.0.7778.96,504.9340000000001,584.9340000000001,0,0.010157,742.3934648935474,1470485
after,72d0fda625791d974cd1fcd3d565360766b93bd8,1440x900,2,100,13.4.1,148.0.7778.96,452.87800000000004,532.878,0,0.010157,774.5678072289385,1470485
after,72d0fda625791d974cd1fcd3d565360766b93bd8,1440x900,3,100,13.4.1,148.0.7778.96,495.75350000000003,575.7535,0,0.010157,755.5823706747013,1470485
after,72d0fda625791d974cd1fcd3d565360766b93bd8,390x844,1,99,13.4.1,148.0.7778.96,1397.768,1697.768,83.5,0.017628,2107.838468179416,1470485
after,72d0fda625791d974cd1fcd3d565360766b93bd8,390x844,2,99,13.4.1,148.0.7778.96,1375.167,1675.167,53,0.017628,2047.3754940140725,1470485
after,72d0fda625791d974cd1fcd3d565360766b93bd8,390x844,3,99,13.4.1,148.0.7778.96,1379.4149,1679.4149,70,0.017628,2032.035421999893,1470485
