phase,viewport,route,cold_run,performance_score,lcp_ms,tbt_ms,cls,browser,fixture_sha256,source_sha,worktree_dirty
before,1440x900,/,1,99,753,0,0.0003,148.0.7778.96,be308879dc4f4fedea961a021ddc15f7df293e31abf6afea274a7d5bb56b4140,f8d5e5d5840d1775efb7d7f4ae2768f6557096b5,False
before,1440x900,/,2,97,896,0,0.0003,148.0.7778.96,be308879dc4f4fedea961a021ddc15f7df293e31abf6afea274a7d5bb56b4140,f8d5e5d5840d1775efb7d7f4ae2768f6557096b5,False
before,1440x900,/,3,100,677,0,0.0003,148.0.7778.96,be308879dc4f4fedea961a021ddc15f7df293e31abf6afea274a7d5bb56b4140,f8d5e5d5840d1775efb7d7f4ae2768f6557096b5,False
before,1440x900,/adoption/apply,1,100,543,0,0.0102,148.0.7778.96,be308879dc4f4fedea961a021ddc15f7df293e31abf6afea274a7d5bb56b4140,f8d5e5d5840d1775efb7d7f4ae2768f6557096b5,False
before,1440x900,/adoption/apply,2,100,572,0,0.0102,148.0.7778.96,be308879dc4f4fedea961a021ddc15f7df293e31abf6afea274a7d5bb56b4140,f8d5e5d5840d1775efb7d7f4ae2768f6557096b5,False
before,1440x900,/adoption/apply,3,99,657,0,0.0102,148.0.7778.96,be308879dc4f4fedea961a021ddc15f7df293e31abf6afea274a7d5bb56b4140,f8d5e5d5840d1775efb7d7f4ae2768f6557096b5,False
before,1440x900,/animals/cat,1,98,737,0,0.0001,148.0.7778.96,be308879dc4f4fedea961a021ddc15f7df293e31abf6afea274a7d5bb56b4140,f8d5e5d5840d1775efb7d7f4ae2768f6557096b5,False
before,1440x900,/animals/cat,2,99,616,0,0.0001,148.0.7778.96,be308879dc4f4fedea961a021ddc15f7df293e31abf6afea274a7d5bb56b4140,f8d5e5d5840d1775efb7d7f4ae2768f6557096b5,False
before,1440x900,/animals/cat,3,99,730,0,0.0001,148.0.7778.96,be308879dc4f4fedea961a021ddc15f7df293e31abf6afea274a7d5bb56b4140,f8d5e5d5840d1775efb7d7f4ae2768f6557096b5,False
before,1440x900,/donate,1,100,618,0,0.0004,148.0.7778.96,be308879dc4f4fedea961a021ddc15f7df293e31abf6afea274a7d5bb56b4140,f8d5e5d5840d1775efb7d7f4ae2768f6557096b5,False
before,1440x900,/donate,2,89,1358,6,0.0004,148.0.7778.96,be308879dc4f4fedea961a021ddc15f7df293e31abf6afea274a7d5bb56b4140,f8d5e5d5840d1775efb7d7f4ae2768f6557096b5,False
before,1440x900,/donate,3,100,638,0,0.0004,148.0.7778.96,be308879dc4f4fedea961a021ddc15f7df293e31abf6afea274a7d5bb56b4140,f8d5e5d5840d1775efb7d7f4ae2768f6557096b5,False
before,390x844,/,1,96,2530,43,0.0008,148.0.7778.96,be308879dc4f4fedea961a021ddc15f7df293e31abf6afea274a7d5bb56b4140,f8d5e5d5840d1775efb7d7f4ae2768f6557096b5,False
before,390x844,/,2,97,2404,33,0.0008,148.0.7778.96,be308879dc4f4fedea961a021ddc15f7df293e31abf6afea274a7d5bb56b4140,f8d5e5d5840d1775efb7d7f4ae2768f6557096b5,False
before,390x844,/,3,97,2383,56,0.0008,148.0.7778.96,be308879dc4f4fedea961a021ddc15f7df293e31abf6afea274a7d5bb56b4140,f8d5e5d5840d1775efb7d7f4ae2768f6557096b5,False
before,390x844,/adoption/apply,1,99,1675,66,0.0176,148.0.7778.96,be308879dc4f4fedea961a021ddc15f7df293e31abf6afea274a7d5bb56b4140,f8d5e5d5840d1775efb7d7f4ae2768f6557096b5,False
before,390x844,/adoption/apply,2,98,1802,83,0.0176,148.0.7778.96,be308879dc4f4fedea961a021ddc15f7df293e31abf6afea274a7d5bb56b4140,f8d5e5d5840d1775efb7d7f4ae2768f6557096b5,False
before,390x844,/adoption/apply,3,99,1710,36,0.0176,148.0.7778.96,be308879dc4f4fedea961a021ddc15f7df293e31abf6afea274a7d5bb56b4140,f8d5e5d5840d1775efb7d7f4ae2768f6557096b5,False
before,390x844,/animals/cat,1,98,2010,88,0,148.0.7778.96,be308879dc4f4fedea961a021ddc15f7df293e31abf6afea274a7d5bb56b4140,f8d5e5d5840d1775efb7d7f4ae2768f6557096b5,False
before,390x844,/animals/cat,2,98,1994,74,0,148.0.7778.96,be308879dc4f4fedea961a021ddc15f7df293e31abf6afea274a7d5bb56b4140,f8d5e5d5840d1775efb7d7f4ae2768f6557096b5,False
before,390x844,/animals/cat,3,95,2040,113,0,148.0.7778.96,be308879dc4f4fedea961a021ddc15f7df293e31abf6afea274a7d5bb56b4140,f8d5e5d5840d1775efb7d7f4ae2768f6557096b5,False
before,390x844,/donate,1,98,1946,93,0.0001,148.0.7778.96,be308879dc4f4fedea961a021ddc15f7df293e31abf6afea274a7d5bb56b4140,f8d5e5d5840d1775efb7d7f4ae2768f6557096b5,False
before,390x844,/donate,2,99,1991,36,0.0001,148.0.7778.96,be308879dc4f4fedea961a021ddc15f7df293e31abf6afea274a7d5bb56b4140,f8d5e5d5840d1775efb7d7f4ae2768f6557096b5,False
before,390x844,/donate,3,99,1967,39,0.0001,148.0.7778.96,be308879dc4f4fedea961a021ddc15f7df293e31abf6afea274a7d5bb56b4140,f8d5e5d5840d1775efb7d7f4ae2768f6557096b5,False
after,1440x900,/,1,98,897,2,0.0003,148.0.7778.96,be308879dc4f4fedea961a021ddc15f7df293e31abf6afea274a7d5bb56b4140,f8d5e5d5840d1775efb7d7f4ae2768f6557096b5,True
after,1440x900,/,2,99,730,2,0.0003,148.0.7778.96,be308879dc4f4fedea961a021ddc15f7df293e31abf6afea274a7d5bb56b4140,f8d5e5d5840d1775efb7d7f4ae2768f6557096b5,True
after,1440x900,/,3,100,697,0,0.0003,148.0.7778.96,be308879dc4f4fedea961a021ddc15f7df293e31abf6afea274a7d5bb56b4140,f8d5e5d5840d1775efb7d7f4ae2768f6557096b5,True
after,1440x900,/adoption/apply,1,100,508,0,0.0102,148.0.7778.96,be308879dc4f4fedea961a021ddc15f7df293e31abf6afea274a7d5bb56b4140,f8d5e5d5840d1775efb7d7f4ae2768f6557096b5,True
after,1440x900,/adoption/apply,2,99,603,0,0.0102,148.0.7778.96,be308879dc4f4fedea961a021ddc15f7df293e31abf6afea274a7d5bb56b4140,f8d5e5d5840d1775efb7d7f4ae2768f6557096b5,True
after,1440x900,/adoption/apply,3,100,573,0,0.0102,148.0.7778.96,be308879dc4f4fedea961a021ddc15f7df293e31abf6afea274a7d5bb56b4140,f8d5e5d5840d1775efb7d7f4ae2768f6557096b5,True
after,1440x900,/animals/cat,1,99,783,0,0.0001,148.0.7778.96,be308879dc4f4fedea961a021ddc15f7df293e31abf6afea274a7d5bb56b4140,f8d5e5d5840d1775efb7d7f4ae2768f6557096b5,True
after,1440x900,/animals/cat,2,100,676,0,0.0001,148.0.7778.96,be308879dc4f4fedea961a021ddc15f7df293e31abf6afea274a7d5bb56b4140,f8d5e5d5840d1775efb7d7f4ae2768f6557096b5,True
after,1440x900,/animals/cat,3,99,591,0,0.0001,148.0.7778.96,be308879dc4f4fedea961a021ddc15f7df293e31abf6afea274a7d5bb56b4140,f8d5e5d5840d1775efb7d7f4ae2768f6557096b5,True
after,1440x900,/donate,1,99,662,0,0.0004,148.0.7778.96,be308879dc4f4fedea961a021ddc15f7df293e31abf6afea274a7d5bb56b4140,f8d5e5d5840d1775efb7d7f4ae2768f6557096b5,True
after,1440x900,/donate,2,100,607,0,0.0004,148.0.7778.96,be308879dc4f4fedea961a021ddc15f7df293e31abf6afea274a7d5bb56b4140,f8d5e5d5840d1775efb7d7f4ae2768f6557096b5,True
after,1440x900,/donate,3,99,606,0,0.0004,148.0.7778.96,be308879dc4f4fedea961a021ddc15f7df293e31abf6afea274a7d5bb56b4140,f8d5e5d5840d1775efb7d7f4ae2768f6557096b5,True
after,390x844,/,1,93,2545,207,0.0008,148.0.7778.96,be308879dc4f4fedea961a021ddc15f7df293e31abf6afea274a7d5bb56b4140,f8d5e5d5840d1775efb7d7f4ae2768f6557096b5,True
after,390x844,/,2,87,3144,60,0.0008,148.0.7778.96,be308879dc4f4fedea961a021ddc15f7df293e31abf6afea274a7d5bb56b4140,f8d5e5d5840d1775efb7d7f4ae2768f6557096b5,True
after,390x844,/,3,97,2417,58,0.0008,148.0.7778.96,be308879dc4f4fedea961a021ddc15f7df293e31abf6afea274a7d5bb56b4140,f8d5e5d5840d1775efb7d7f4ae2768f6557096b5,True
after,390x844,/adoption/apply,1,100,1650,42,0.0176,148.0.7778.96,be308879dc4f4fedea961a021ddc15f7df293e31abf6afea274a7d5bb56b4140,f8d5e5d5840d1775efb7d7f4ae2768f6557096b5,True
after,390x844,/adoption/apply,2,100,1640,46,0.0176,148.0.7778.96,be308879dc4f4fedea961a021ddc15f7df293e31abf6afea274a7d5bb56b4140,f8d5e5d5840d1775efb7d7f4ae2768f6557096b5,True
after,390x844,/adoption/apply,3,97,1901,56,0.0176,148.0.7778.96,be308879dc4f4fedea961a021ddc15f7df293e31abf6afea274a7d5bb56b4140,f8d5e5d5840d1775efb7d7f4ae2768f6557096b5,True
after,390x844,/animals/cat,1,99,1952,48,0,148.0.7778.96,be308879dc4f4fedea961a021ddc15f7df293e31abf6afea274a7d5bb56b4140,f8d5e5d5840d1775efb7d7f4ae2768f6557096b5,True
after,390x844,/animals/cat,2,99,1932,89,0,148.0.7778.96,be308879dc4f4fedea961a021ddc15f7df293e31abf6afea274a7d5bb56b4140,f8d5e5d5840d1775efb7d7f4ae2768f6557096b5,True
after,390x844,/animals/cat,3,98,1950,92,0,148.0.7778.96,be308879dc4f4fedea961a021ddc15f7df293e31abf6afea274a7d5bb56b4140,f8d5e5d5840d1775efb7d7f4ae2768f6557096b5,True
after,390x844,/donate,1,99,1909,92,0.0001,148.0.7778.96,be308879dc4f4fedea961a021ddc15f7df293e31abf6afea274a7d5bb56b4140,f8d5e5d5840d1775efb7d7f4ae2768f6557096b5,True
after,390x844,/donate,2,96,2302,64,0.0001,148.0.7778.96,be308879dc4f4fedea961a021ddc15f7df293e31abf6afea274a7d5bb56b4140,f8d5e5d5840d1775efb7d7f4ae2768f6557096b5,True
after,390x844,/donate,3,99,1964,38,0.0001,148.0.7778.96,be308879dc4f4fedea961a021ddc15f7df293e31abf6afea274a7d5bb56b4140,f8d5e5d5840d1775efb7d7f4ae2768f6557096b5,True
