pr,url,associated_source_sha,base_branch,state,latest_bound_run,five_individual_jobs,actual_checkout_sha,qualification,production_applied,deployed,operationally_enabled,profile_evidence,profile_evidence_sha256,ci_metadata,ci_metadata_sha256,run_attempt,required_steps,prior_failed_attempt
183,https://github.com/YNWAforever/hkscda/pull/183,e79537a191d8119b6d4eaa48833a5db8e200a03c,main,OPEN_DRAFT_UNMERGED,36869741408,SUCCESS (actual exact-head check metadata observed 2026-10-05T19:53:01.980Z; no new Task13 credit),NOT_RECORDED,exact associated source checks; actual checkout SHA separate; no new production/schema/role admission,false,false,false,r01-forward/task-1-fix4-evidence.md,a70ec337fc03252f8db4e6a3029d6fcc34ddf1f8d02a9f55242d17b8928b8db4,MASTER/controller-r222-draft-183-195-head-ci-metadata.json,3f010fcd45564d61d501bdc9fdccff6680111fd5fe2476b76f81c4fee78e1f45,1,all named required steps SUCCESS; ancillary unavailable-artifact report skips retained,see chronology and dated scoped receipts
184,https://github.com/YNWAforever/hkscda/pull/184,66766c17f8c69d54fedd9d063b68949761e6047d,codex/audit-r01-payment-columns-20261001,OPEN_DRAFT_UNMERGED,36879037008,SUCCESS (actual exact-head check metadata observed 2026-10-05T19:53:01.980Z; no new Task13 credit),NOT_RECORDED,exact associated source checks; actual checkout SHA separate; no new production/schema/role admission,false,false,false,r01-forward/task-2-adoption-upload.md,6e865f88742a74413e825ee8864f28e53b2487296937ab4dd332805c2f3c9bac,MASTER/controller-r222-draft-183-195-head-ci-metadata.json,3f010fcd45564d61d501bdc9fdccff6680111fd5fe2476b76f81c4fee78e1f45,1,all named required steps SUCCESS; ancillary unavailable-artifact report skips retained,see chronology and dated scoped receipts
185,https://github.com/YNWAforever/hkscda/pull/185,3e869c56526b4d8f6ac827b088117cdc7e301cf5,codex/audit-r01-adoption-upload-20261001,OPEN_DRAFT_UNMERGED,36896838858,SUCCESS (actual exact-head check metadata observed 2026-10-05T19:53:01.980Z; no new Task13 credit),NOT_RECORDED,exact associated source checks; actual checkout SHA separate; no new production/schema/role admission,false,false,false,r01-forward/task-3-core-scope-guard-fix-1.md,666102aa356d36c7e56c21a45aa1a0bc624eb7d4e0256da9aa2b601ea61e8204,MASTER/controller-r222-draft-183-195-head-ci-metadata.json,3f010fcd45564d61d501bdc9fdccff6680111fd5fe2476b76f81c4fee78e1f45,1,all named required steps SUCCESS; ancillary unavailable-artifact report skips retained,see chronology and dated scoped receipts
186,https://github.com/YNWAforever/hkscda/pull/186,459438b4034e3f859c4f6218cbac12bdf76d9f68,codex/audit-r01-core-scope-guard-20261002,OPEN_DRAFT_UNMERGED,36896928567,SUCCESS (actual exact-head check metadata observed 2026-10-05T19:53:01.980Z; no new Task13 credit),NOT_RECORDED,exact associated source checks; actual checkout SHA separate; no new production/schema/role admission,false,false,false,r01-forward/task-3-animal-preference-fix-1.md,0b6dcd861a59c7bff847eb4cddbe11fe2d4ba2b3253df5fbc41dacc8e16df9a5,MASTER/controller-r222-draft-183-195-head-ci-metadata.json,3f010fcd45564d61d501bdc9fdccff6680111fd5fe2476b76f81c4fee78e1f45,2,all named required steps SUCCESS; ancillary unavailable-artifact report skips retained,#186 brand timeout attempt1 retained; attempt2 accepted
187,https://github.com/YNWAforever/hkscda/pull/187,4fbbb477cba2b31c437c99d20c1af8e9a1ebbf69,codex/audit-r01-animal-preference-record-fields-20261002,OPEN_DRAFT_UNMERGED,36900978204,SUCCESS (actual exact-head check metadata observed 2026-10-05T19:53:01.980Z; no new Task13 credit),NOT_RECORDED,exact associated source checks; actual checkout SHA separate; no new production/schema/role admission,false,false,false,r01-forward/task-3-sponsorship-fix-1.md,3d34dfdf15f49cc73f190aafa757402012ed1a67d2540e88542436e39f8aef9f,MASTER/controller-r222-draft-183-195-head-ci-metadata.json,3f010fcd45564d61d501bdc9fdccff6680111fd5fe2476b76f81c4fee78e1f45,1,all named required steps SUCCESS; ancillary unavailable-artifact report skips retained,see chronology and dated scoped receipts
188,https://github.com/YNWAforever/hkscda/pull/188,4906493f60ea806eab9ec6c2d9e18f7b4c1a3463,codex/audit-r01-sponsorship-submission-20261001,OPEN_DRAFT_UNMERGED,36913123561,SUCCESS (actual exact-head check metadata observed 2026-10-05T19:53:01.980Z; no new Task13 credit),NOT_RECORDED,exact associated source checks; actual checkout SHA separate; no new production/schema/role admission,false,false,false,r01-forward/task-4-fix-1-internship-upload.md,696e9005e1d14779d31c84dccd555f91642bf23bb4c197484e13f3456f745ca5,MASTER/controller-r222-draft-183-195-head-ci-metadata.json,3f010fcd45564d61d501bdc9fdccff6680111fd5fe2476b76f81c4fee78e1f45,1,all named required steps SUCCESS; ancillary unavailable-artifact report skips retained,see chronology and dated scoped receipts
189,https://github.com/YNWAforever/hkscda/pull/189,592bcebda2dc0154d20684a1a2240cfbdd8ae3d1,codex/audit-r01-internship-upload-20261002,OPEN_DRAFT_UNMERGED,36928397189,SUCCESS (actual exact-head check metadata observed 2026-10-05T19:53:01.980Z; no new Task13 credit),NOT_RECORDED,exact associated source checks; actual checkout SHA separate; no new production/schema/role admission,false,false,false,r01-forward/task-5-fix-1-privilege-preflight.md,03f057aeded1012d2b2ae1fbea19b7cb25f40c8f65dbfc9e528f846c521e575b,MASTER/controller-r222-draft-183-195-head-ci-metadata.json,3f010fcd45564d61d501bdc9fdccff6680111fd5fe2476b76f81c4fee78e1f45,NOT_RECORDED_IN_THIS_TABLE,see dated scoped raw controller receipt; aggregate SUCCESS not substitute for step validation,see chronology and dated scoped receipts
190,https://github.com/YNWAforever/hkscda/pull/190,5cd611721d5128f4a9f009ebe4b2646955d90db8,codex/audit-r01-animal-draft-upload-20261002,OPEN_DRAFT_UNMERGED,36947861601,SUCCESS (actual exact-head check metadata observed 2026-10-05T19:53:01.980Z; no new Task13 credit),NOT_RECORDED,exact associated source checks; actual checkout SHA separate; no new production/schema/role admission,false,false,false,r01-forward/task-6-fix-2-evidence.md,5e83ef8dd2b240906273429a3066194e36b426d30cc174cec90d38373e22eb1e,MASTER/controller-r222-draft-183-195-head-ci-metadata.json,3f010fcd45564d61d501bdc9fdccff6680111fd5fe2476b76f81c4fee78e1f45,NOT_RECORDED_IN_THIS_TABLE,see dated scoped raw controller receipt; aggregate SUCCESS not substitute for step validation,see chronology and dated scoped receipts
191,https://github.com/YNWAforever/hkscda/pull/191,d0403a1869ea6dead498e62aebe9723e95c3ec19,codex/audit-r01-crm-atomic-20261002,OPEN_DRAFT_UNMERGED,36960650129,SUCCESS (actual exact-head check metadata observed 2026-10-05T19:53:01.980Z; no new Task13 credit),NOT_RECORDED,exact associated source checks; actual checkout SHA separate; no new production/schema/role admission,false,false,false,r01-forward/task-7-evidence.md,a16d94b6944266337ed81e242538a1c2e47a3d6d9a76c33370fc55a118f0041b,MASTER/controller-r222-draft-183-195-head-ci-metadata.json,3f010fcd45564d61d501bdc9fdccff6680111fd5fe2476b76f81c4fee78e1f45,NOT_RECORDED_IN_THIS_TABLE,see dated scoped raw controller receipt; aggregate SUCCESS not substitute for step validation,see chronology and dated scoped receipts
192,https://github.com/YNWAforever/hkscda/pull/192,efeb25631cef34cff13f3820229d4462323efbf3,codex/audit-r01-cms-atomic-20261002,OPEN_DRAFT_UNMERGED,36995859256,SUCCESS (actual exact-head check metadata observed 2026-10-05T19:53:01.980Z; no new Task13 credit),4e9096cde677e7d0b066f1d9e7c088ec9445ef59,exact associated source checks; actual checkout SHA separate; no new production/schema/role admission,false,false,false,r01-forward/task-9-fix-4-evidence.md,f3ba996589ea61a61adf708508fa9f1e31a38b98013ade5d28ebcd9f2d8d475d,MASTER/controller-r222-draft-183-195-head-ci-metadata.json,3f010fcd45564d61d501bdc9fdccff6680111fd5fe2476b76f81c4fee78e1f45,NOT_RECORDED_IN_THIS_TABLE,see dated scoped raw controller receipt; aggregate SUCCESS not substitute for step validation,see chronology and dated scoped receipts
193,https://github.com/YNWAforever/hkscda/pull/193,d45b849d300f76700efcf5450a9b426e32cc372f,codex/audit-r01-adoption-atomic-20261002,OPEN_DRAFT_UNMERGED,37033087893,SUCCESS (actual exact-head check metadata observed 2026-10-05T19:53:01.980Z; no new Task13 credit),5228617a90ceb5462ff498d8013e91810fdb1585,exact associated source checks; actual checkout SHA separate; no new production/schema/role admission,false,false,false,r01-forward/task-10-evidence.md,0484a68084e254e80770f23983603df44d1a3fc0d769cb57f6469442293db006,MASTER/controller-r222-draft-183-195-head-ci-metadata.json,3f010fcd45564d61d501bdc9fdccff6680111fd5fe2476b76f81c4fee78e1f45,NOT_RECORDED_IN_THIS_TABLE,see dated scoped raw controller receipt; aggregate SUCCESS not substitute for step validation,see chronology and dated scoped receipts
194,https://github.com/YNWAforever/hkscda/pull/194,f4e96e3484d135d179caea835d913552d96d2dcb,codex/audit-r01-admin-atomic-20261002,OPEN_DRAFT_UNMERGED,37081732926,SUCCESS (actual exact-head check metadata observed 2026-10-05T19:53:01.980Z; no new Task13 credit),NOT_RECORDED,exact associated source checks; actual checkout SHA separate; no new production/schema/role admission,false,false,false,r01-forward/task-11-evidence.md,628d3eca1fd8e91829e3fa0e58b841439a2a2eca94f6393a59920e0cdb3b9b6f,MASTER/controller-r222-draft-183-195-head-ci-metadata.json,3f010fcd45564d61d501bdc9fdccff6680111fd5fe2476b76f81c4fee78e1f45,NOT_RECORDED_IN_THIS_TABLE,see dated scoped raw controller receipt; aggregate SUCCESS not substitute for step validation,see chronology and dated scoped receipts
195,https://github.com/YNWAforever/hkscda/pull/195,2e176ebdf8647a1d13ae92a57116a3e73fa437b0,codex/audit-r01-finance-callback-20261003,OPEN_DRAFT_UNMERGED,37102318095,SUCCESS (actual exact-head check metadata observed 2026-10-05T19:53:01.980Z; no new Task13 credit),107915880339f2b7dc6a37b78261df2dbed42ac3,exact associated source checks; actual checkout SHA separate; no new production/schema/role admission,false,false,false,r01-forward/task-12-evidence.md,6e65327f3df0a9829fd363e416f9f3b42fde7ffcafd10d18bede46266d8ee67f,MASTER/controller-r222-draft-183-195-head-ci-metadata.json,3f010fcd45564d61d501bdc9fdccff6680111fd5fe2476b76f81c4fee78e1f45,NOT_RECORDED_IN_THIS_TABLE,see dated scoped raw controller receipt; aggregate SUCCESS not substitute for step validation,see chronology and dated scoped receipts
196,https://github.com/YNWAforever/hkscda/pull/196,e5a28c47b839fa12b770d1e639b0a74368021675,codex/audit-r01-group-enquiry-20261003,OPEN_DRAFT_UNMERGED,37413919942,SUCCESS,782a6e5f30663f6331b36fa05d80a3b72919cd05,Actual checkout tree equals associated source tree; PG17.11 RLS/document steps executed; stacked-base only; release holds retained,false,false,false,conditional-merge-receipt-20261006.md,061c2df0408f7eea0f36139176697cba7f5d7784c214e9a1ce9c6c0b254bb1f9,conditional-merge-evidence-20261006.json,1a81089823bdade2b0ca0746f566e5dc910c8436041a7316f00e952b4b9c0894,1,All required steps SUCCESS; unavailable-artifact report ancillary skips only,First local unit6FAIL retained; explicit unit environment0; strict raw R265 still held
197,https://github.com/YNWAforever/hkscda/pull/197,3dd2af008b9f1c4886b650d9ef805fab146d79ef,codex/audit-r01-document-guards-20261003,OPEN_DRAFT_UNMERGED,37413943076,SUCCESS,552aa3d302dc7e1ad9b07326bbc16886c1e0dcbd,Actual checkout tree equals associated source tree; PG17.11 RLS/document steps executed; stacked-base only; release holds retained,false,false,false,conditional-merge-receipt-20261006.md,061c2df0408f7eea0f36139176697cba7f5d7784c214e9a1ce9c6c0b254bb1f9,conditional-merge-evidence-20261006.json,1a81089823bdade2b0ca0746f566e5dc910c8436041a7316f00e952b4b9c0894,1,All required steps SUCCESS; unavailable-artifact report ancillary skips only,First local unit6FAIL retained; explicit unit environment0; strict raw R265 still held
