file,canonical_sha256,raw_sha256,whole_file_state,whole_file_exit,production_applicability,collision_kind,collision_object,collision_production_state,approval_state
20260915120000_content_admin_filters.sql,404dfb0c6786d2a429164d3045066327cc4b7679beaff4a2a995d14377937f3f,404dfb0c6786d2a429164d3045066327cc4b7679beaff4a2a995d14377937f3f,whole-file-success,0,isolated-whole-file-success-production-applicability-not-certified,,,,no production authority inferred; exact file scope requires root review
20260925040818_featured_public_story_filter.sql,91a433c90094115ebafb5da9df3229a097786519517dde29f31b59cb1828079a,91a433c90094115ebafb5da9df3229a097786519517dde29f31b59cb1828079a,whole-file-success,0,isolated-whole-file-success-production-applicability-not-certified,,,,no production authority inferred; exact file scope requires root review
20260925053245_cms_promotion_atomicity.sql,38910624f9db3acd9ab2e3980af32158311eaae273fafcba40b24e51d524eb09,38910624f9db3acd9ab2e3980af32158311eaae273fafcba40b24e51d524eb09,whole-file-success,0,isolated-whole-file-success-production-applicability-not-certified,,,,no production authority inferred; exact file scope requires root review
20260925103900_atomic_admin_content_audit.sql,c8dc909d570956aaf8215ec61951ad44c4d19655aca072033e05342e18466376,c8dc909d570956aaf8215ec61951ad44c4d19655aca072033e05342e18466376,whole-file-success,0,isolated-whole-file-success-production-applicability-not-certified,,,,no production authority inferred; exact file scope requires root review
20260925103937_atomic_crm_supporter_audit.sql,fb645a5610d935d83ff0f696825157b57f04bf1251cd6bbe4398cbe72d13eff2,fb645a5610d935d83ff0f696825157b57f04bf1251cd6bbe4398cbe72d13eff2,whole-file-success,0,isolated-whole-file-success-production-applicability-not-certified,,,,no production authority inferred; exact file scope requires root review
20260925104012_donation_checkout_idempotency.sql,c4c1f4641a71928d3d9c56cf09bb18ae9a29c8622adf5638a28fb565fe66cc6f,c4c1f4641a71928d3d9c56cf09bb18ae9a29c8622adf5638a28fb565fe66cc6f,whole-file-success,0,isolated-whole-file-success-production-applicability-not-certified,,,,no production authority inferred; exact file scope requires root review
20260925104051_volunteer_public_registration_idempotency.sql,90854ca126dc25871da809ff9a9eafeab9031cb24ccccf1f5429a58acc35a1a4,90854ca126dc25871da809ff9a9eafeab9031cb24ccccf1f5429a58acc35a1a4,whole-file-success,0,isolated-whole-file-success-production-applicability-not-certified,,,,no production authority inferred; exact file scope requires root review
20260925104926_atomic_adoption_coordinator_audit.sql,042358ee2316c37d5b5c569f16a617f06ac0e5da6a5a8014aacb08d0b87eef52,042358ee2316c37d5b5c569f16a617f06ac0e5da6a5a8014aacb08d0b87eef52,whole-file-success,0,isolated-whole-file-success-production-applicability-not-certified,,,,no production authority inferred; exact file scope requires root review
20260925110000_admin_user_access_atomicity.sql,b70ad0338c0d55a4b2538e3ecf30ed163674da6d0170383726f6046c1a03094d,b70ad0338c0d55a4b2538e3ecf30ed163674da6d0170383726f6046c1a03094d,whole-file-success,0,isolated-whole-file-success-production-applicability-not-certified,,,,no production authority inferred; exact file scope requires root review
20260925123000_adoption_upload_intents.sql,c2050b994ad981a18a14da61b93a63999b4203a6bcc09887f827615bf2a22456,c2050b994ad981a18a14da61b93a63999b4203a6bcc09887f827615bf2a22456,whole-file-success,0,isolated-whole-file-success-production-applicability-not-certified,,,,no production authority inferred; exact file scope requires root review
20260925133500_atomic_admin_invite_activation.sql,36bafa9a964bebb4afdfa84499c71ee31f6fcbe9198bbd180c0742c9dcd860dc,36bafa9a964bebb4afdfa84499c71ee31f6fcbe9198bbd180c0742c9dcd860dc,whole-file-success,0,isolated-whole-file-success-production-applicability-not-certified,,,,no production authority inferred; exact file scope requires root review
20260925141325_animal_archive_atomic_audit.sql,abccd9024b4ecac9d79b42b6020e848027dad485475bd0d03bca3e6b468fc926,abccd9024b4ecac9d79b42b6020e848027dad485475bd0d03bca3e6b468fc926,whole-file-success,0,isolated-whole-file-success-production-applicability-not-certified,,,,no production authority inferred; exact file scope requires root review
20260925143941_guarded_provider_denial.sql,aa60fdab2bb5ad2ed139f326c7d46d339c11d11082d9a91793792456041dd71a,aa60fdab2bb5ad2ed139f326c7d46d339c11d11082d9a91793792456041dd71a,whole-file-success,0,isolated-whole-file-success-production-applicability-not-certified,,,,no production authority inferred; exact file scope requires root review
20260925144915_guarded_provider_refund.sql,4dfb12ed960f549567b21833590d8bed90e5c46487acd8bf39d774c48797a797,4dfb12ed960f549567b21833590d8bed90e5c46487acd8bf39d774c48797a797,whole-file-success,0,isolated-whole-file-success-production-applicability-not-certified,,,,no production authority inferred; exact file scope requires root review
20260925150722_revoke_public_role_maintenance_privileges.sql,28c0155046bdaf1b2688a5d43e0630ed3e3d717c6c20fb818476b8582f7ec98a,28c0155046bdaf1b2688a5d43e0630ed3e3d717c6c20fb818476b8582f7ec98a,whole-file-success,0,isolated-whole-file-success-production-applicability-not-certified,,,,no production authority inferred; exact file scope requires root review
20260926060314_atomic_group_enquiry_audit.sql,6dee675834e610f0e173d94bd332e38c789f50cd27a23470f5fc567bd4c0a4b7,6dee675834e610f0e173d94bd332e38c789f50cd27a23470f5fc567bd4c0a4b7,whole-file-success,0,isolated-whole-file-success-production-applicability-not-certified,,,,no production authority inferred; exact file scope requires root review
20260926070652_sponsorship_proof_upload_cleanup.sql,6e8b4eb998880726171e335222ff4e0a4eb7b86dad45cbf11e069d84060f032b,6e8b4eb998880726171e335222ff4e0a4eb7b86dad45cbf11e069d84060f032b,whole-file-success,0,isolated-whole-file-success-production-applicability-not-certified,,,,no production authority inferred; exact file scope requires root review
20260926074203_internship_attachment_upload_cleanup.sql,84243ffbb35c2bc394bbf8888c829389b1620c0ba7fa9f060a17e10d8a99033f,84243ffbb35c2bc394bbf8888c829389b1620c0ba7fa9f060a17e10d8a99033f,whole-file-success,0,isolated-whole-file-success-production-applicability-not-certified,,,,no production authority inferred; exact file scope requires root review
20260926082239_atomic_receipt_void_audit.sql,6c4e791b3ed2c43b7163934d2e2c9f41dc3739d2842dd56d89f222a215b6dd3a,6c4e791b3ed2c43b7163934d2e2c9f41dc3739d2842dd56d89f222a215b6dd3a,whole-file-success,0,isolated-whole-file-success-production-applicability-not-certified,,,,no production authority inferred; exact file scope requires root review
20260926083940_atomic_manual_receipt_issue_audit.sql,079dc9c28ad43922a3854d26865778b92e97e2ff48aa96848bb662e3c144507e,079dc9c28ad43922a3854d26865778b92e97e2ff48aa96848bb662e3c144507e,whole-file-success,0,isolated-whole-file-success-production-applicability-not-certified,,,,no production authority inferred; exact file scope requires root review
20260926091057_staff_sponsorship_proof_upload_cleanup.sql,cd91efc51c846d401f25feaebd42a80d08cee98c138cfd60ae90e497413b9db0,cd91efc51c846d401f25feaebd42a80d08cee98c138cfd60ae90e497413b9db0,whole-file-success,0,isolated-whole-file-success-production-applicability-not-certified,,,,no production authority inferred; exact file scope requires root review
20260926100000_public_submission_retry_fingerprints.sql,1cd2601c57c3c761405fc3ff0578aada7c8bc26eb31860fef1c29f92c3f94a5a,1cd2601c57c3c761405fc3ff0578aada7c8bc26eb31860fef1c29f92c3f94a5a,whole-file-success,0,isolated-whole-file-success-production-applicability-not-certified,,,,no production authority inferred; exact file scope requires root review
20260926110000_manual_case_identity_search.sql,f755fc4e3e428b0902472cc9959df57d248067e234d7da640383bcfdaa41b4f0,f755fc4e3e428b0902472cc9959df57d248067e234d7da640383bcfdaa41b4f0,whole-file-success,0,isolated-whole-file-success-production-applicability-not-certified,,,,no production authority inferred; exact file scope requires root review
20260926120000_volunteer_notification_exhausted_claim_recovery.sql,0f920648366cd26b9605346a380c784df58021df2988494b0c34eff57ab29e54,0f920648366cd26b9605346a380c784df58021df2988494b0c34eff57ab29e54,whole-file-success,0,isolated-whole-file-success-production-applicability-not-certified,,,,no production authority inferred; exact file scope requires root review
20260926130000_atomic_adoption_case_status_validation.sql,e8bbb2bf22d78fea945e0ca9e9080db6f118e22b481dc93ba8bcb8f0663c3d01,e8bbb2bf22d78fea945e0ca9e9080db6f118e22b481dc93ba8bcb8f0663c3d01,whole-file-success,0,isolated-whole-file-success-production-applicability-not-certified,,,,no production authority inferred; exact file scope requires root review
20260926133000_expose_manual_adoption_case_rpc.sql,ba9a4fcffb7c3746b297afaa4875f0183d5e84610b9574149aac574ce660553a,ba9a4fcffb7c3746b297afaa4875f0183d5e84610b9574149aac574ce660553a,whole-file-success,0,isolated-whole-file-success-production-applicability-not-certified,,,,no production authority inferred; exact file scope requires root review
20260926140000_cleanup_expired_adoption_applications.sql,f7b85de975da15d3592d96ebb0563827b072a4b2d357e952037e3d8caa1ef2e2,f7b85de975da15d3592d96ebb0563827b072a4b2d357e952037e3d8caa1ef2e2,whole-file-success,0,isolated-whole-file-success-production-applicability-not-certified,,,,no production authority inferred; exact file scope requires root review
20260926143000_atomic_public_sponsorship_pledge.sql,00018d736b2db687f614399f76a6ccdf18b14918615d081db289da022d1e0500,00018d736b2db687f614399f76a6ccdf18b14918615d081db289da022d1e0500,whole-file-success,0,isolated-whole-file-success-production-applicability-not-certified,,,,no production authority inferred; exact file scope requires root review
20260926150000_guard_published_document_slots.sql,c94bf17c10a44fd48a8f5b041673da4094413367004da9f48c2d1ac1e7f48c06,c94bf17c10a44fd48a8f5b041673da4094413367004da9f48c2d1ac1e7f48c06,whole-file-success,0,isolated-whole-file-success-production-applicability-not-certified,,,,no production authority inferred; exact file scope requires root review
20260926152438_adoption_instruction_page_cms.sql,d22de4b2c37e40a8058d0a3238b6d56b03b7a4f768f21d42bb1c7f9d26fa1bcd,d22de4b2c37e40a8058d0a3238b6d56b03b7a4f768f21d42bb1c7f9d26fa1bcd,whole-file-failed-rolled-back,1,confirmed-existing-production-collision-forward-scope-required,constraint,adoption_instruction_revisions_source_revision_id_fkey,present,no production authority inferred; exact file scope requires root review
20260926160000_animal_draft_upload_cleanup.sql,9776db188a7ce7891956cb7a24b13abbbb6759b7387b87e38a34b96419b2b750,9776db188a7ce7891956cb7a24b13abbbb6759b7387b87e38a34b96419b2b750,whole-file-success,0,isolated-whole-file-success-production-applicability-not-certified,,,,no production authority inferred; exact file scope requires root review
20260926170000_animal_publication_media_copy.sql,94e5f795a543860bb47e710561c2c679f811dcacc39ac6ab30d17c4d9ef08317,94e5f795a543860bb47e710561c2c679f811dcacc39ac6ab30d17c4d9ef08317,whole-file-failed-rolled-back,1,confirmed-existing-production-collision-forward-scope-required,table,animal_publication_media_copy,present,no production authority inferred; exact file scope requires root review
20260926180000_animal_publication_publish_receipt.sql,e84dd5298fed3eca3b961b8dc0c0d08892f9d16bdf94cb700db63d7c7e9b5fdd,e84dd5298fed3eca3b961b8dc0c0d08892f9d16bdf94cb700db63d7c7e9b5fdd,whole-file-failed-rolled-back,1,confirmed-existing-production-collision-forward-scope-required,table,animal_publication_publish_receipt,present,no production authority inferred; exact file scope requires root review
20260926190000_content_publication_media_after_commit.sql,d0fcb0c6ebbcfbfaf2bd245964815d6052c30880919d5344b806f9c1f072c53f,d0fcb0c6ebbcfbfaf2bd245964815d6052c30880919d5344b806f9c1f072c53f,whole-file-failed-rolled-back,1,confirmed-existing-production-collision-forward-scope-required,column,public.content_public_asset.copy_claimed_at,present,no production authority inferred; exact file scope requires root review
20260927090000_crm_private_export_jobs.sql,6665fcf0ef6ec9d783bca79ad7cd9769110a8a5c9a04f15c3a7a8463d4ade162,6665fcf0ef6ec9d783bca79ad7cd9769110a8a5c9a04f15c3a7a8463d4ade162,whole-file-failed-rolled-back,1,confirmed-existing-production-collision-forward-scope-required,table,crm_export_job,present,no production authority inferred; exact file scope requires root review
20260927110000_crm_supporter_edit_version.sql,d9756e0cb41dd7878e6046a0eab3db4b1f9dfb8a39751884d1cfd2b8df1fa80c,d9756e0cb41dd7878e6046a0eab3db4b1f9dfb8a39751884d1cfd2b8df1fa80c,whole-file-success,0,isolated-whole-file-success-production-applicability-not-certified,,,,no production authority inferred; exact file scope requires root review
20260927120000_checkout_policy_gate.sql,eddfba73603c199811c628584f4b0f30347ced0e18916b04c70bc69d4fb7d22c,eddfba73603c199811c628584f4b0f30347ced0e18916b04c70bc69d4fb7d22c,whole-file-failed-rolled-back,1,confirmed-existing-production-collision-forward-scope-required,table,checkout_policy,present,no production authority inferred; exact file scope requires root review
20260927120500_estate_versioned_commands.sql,733363d843f9d46d182305480c9e941ad4143d46a9fd36cf6da967ea0587882d,733363d843f9d46d182305480c9e941ad4143d46a9fd36cf6da967ea0587882d,whole-file-success,0,isolated-whole-file-success-production-applicability-not-certified,,,,no production authority inferred; exact file scope requires root review
20260927122000_content_publication_eligibility.sql,bc021c0f63ddfa5b9bb4e81cfc83ba75bd9e828ef85483e739c282dce731ed1b,bc021c0f63ddfa5b9bb4e81cfc83ba75bd9e828ef85483e739c282dce731ed1b,whole-file-failed-rolled-back,1,confirmed-existing-production-collision-forward-scope-required,constraint,content_item_class_check,present,no production authority inferred; exact file scope requires root review
20260927130000_payment_instruction_snapshots.sql,aceef86734c3616688fcdb7da6cf27e7fef31ffd0bd46524d896fb05b87e2758,aceef86734c3616688fcdb7da6cf27e7fef31ffd0bd46524d896fb05b87e2758,whole-file-failed-rolled-back,1,confirmed-existing-production-collision-forward-scope-required,column,public.checkout_admission.instruction_snapshot,present,no production authority inferred; exact file scope requires root review
20260927130500_atomic_adoption_fee_reorder.sql,dd772676c88fda5614908ca1683637ab7922f04b1d5fe363995a7f689d9f9e23,dd772676c88fda5614908ca1683637ab7922f04b1d5fe363995a7f689d9f9e23,whole-file-success,0,isolated-whole-file-success-production-applicability-not-certified,,,,no production authority inferred; exact file scope requires root review
20260927130600_sponsor_public_profile_fields.sql,fd209e458358fd899aabbda721bec471b1c00f0fc92ce360ce2ada43366ae147,fd209e458358fd899aabbda721bec471b1c00f0fc92ce360ce2ada43366ae147,whole-file-success,0,isolated-whole-file-success-production-applicability-not-certified,,,,no production authority inferred; exact file scope requires root review
20260927140000_donation_delivery_recovery.sql,7368ea1052220be96c71b26f9003f26e259ea51a69f83dca031a79152d8913d3,7368ea1052220be96c71b26f9003f26e259ea51a69f83dca031a79152d8913d3,whole-file-failed-rolled-back,1,confirmed-existing-production-collision-forward-scope-required,function,queue_donation_delivery_on_success,present,no production authority inferred; exact file scope requires root review
20260927140500_media_repair_retry_schedule.sql,dfe96f1a4f8d73a0e8f606e14fb2854d8c91c2b6818cc2917c279a0d85e1e429,dfe96f1a4f8d73a0e8f606e14fb2854d8c91c2b6818cc2917c279a0d85e1e429,whole-file-failed-rolled-back,1,confirmed-existing-production-collision-forward-scope-required,column,public.animal_publication_media_copy.repair_status,present,no production authority inferred; exact file scope requires root review
20260927143710_public_animal_listing_page.sql,e2320e10dc29949dacb218ddd46ff28ad6afb3e3bdc865a1416e5306487a518d,e2320e10dc29949dacb218ddd46ff28ad6afb3e3bdc865a1416e5306487a518d,whole-file-failed-rolled-back,1,confirmed-existing-production-collision-forward-scope-required,function,normalize_public_animal_age,present,no production authority inferred; exact file scope requires root review
20260927150000_sponsorship_terms_document_kind.sql,1f32b4531134e117baf8ff236f2250ca839b2da27ce8560c08498db576b754b3,1f32b4531134e117baf8ff236f2250ca839b2da27ce8560c08498db576b754b3,whole-file-failed-rolled-back,1,confirmed-existing-production-collision-forward-scope-required,constraint,document_assets_sponsorship_terms_checksum_check,present,no production authority inferred; exact file scope requires root review
20260927163302_supporter_marketing_preference.sql,3c945333e0ee484d61fcfca2c2e29e4dfef9805945d993b2409306eefdf2df89,3c945333e0ee484d61fcfca2c2e29e4dfef9805945d993b2409306eefdf2df89,whole-file-failed-rolled-back,1,confirmed-existing-production-collision-forward-scope-required,function,set_supporter_marketing_email,present,no production authority inferred; exact file scope requires root review
20260927172030_crm_tag_bulk.sql,15ca57d14f074a933bdba9001ad3758fe1f6340765321fa0054d032428611522,15ca57d14f074a933bdba9001ad3758fe1f6340765321fa0054d032428611522,whole-file-failed-rolled-back,1,confirmed-existing-production-collision-forward-scope-required,table,crm_tag_bulk_operation,present,no production authority inferred; exact file scope requires root review
20260927181701_volunteer_review_bulk.sql,96149a16e41cdf9fdf2e246b700033877fc91c3c00403a2b2efcd39d12cb3164,96149a16e41cdf9fdf2e246b700033877fc91c3c00403a2b2efcd39d12cb3164,whole-file-failed-rolled-back,1,collision-only-in-current-local-template-production-prestate-not-rehearsed,table,volunteer_profile_review_assignment,absent,existing named production question pending
20260927183000_adoption_assignment_bulk.sql,cd14343255b0e9c5901beed3952de6da03bcade1e56284994f5edc7e92cce238,cd14343255b0e9c5901beed3952de6da03bcade1e56284994f5edc7e92cce238,whole-file-failed-rolled-back,1,collision-only-in-current-local-template-production-prestate-not-rehearsed,column,public.adoption_case.bulk_row_version,absent,prior exact schema/backfill approval operative; root owns production
20260927184500_animal_review_bulk.sql,8f5eceb8b99aecd8914f131b1a44be4eaf1a5ad3e5e6f13239d2137cbc253c41,8f5eceb8b99aecd8914f131b1a44be4eaf1a5ad3e5e6f13239d2137cbc253c41,whole-file-failed-rolled-back,1,collision-only-in-current-local-template-production-prestate-not-rehearsed,table,animal_review_bulk_operation,absent,no production authority inferred; exact file scope requires root review
20260927190000_cms_review_bulk.sql,b564a09a64d523a8145eef01548dd90f1477ac291f7aac236f6deeca42e3efcb,b564a09a64d523a8145eef01548dd90f1477ac291f7aac236f6deeca42e3efcb,whole-file-failed-rolled-back,1,collision-only-in-current-local-template-production-prestate-not-rehearsed,table,cms_review_bulk_operation,absent,no production authority inferred; exact file scope requires root review
20260927201916_manual_payment_atomic_reference.sql,d4f683821d1277d4d6b05d6d671fd63e66f6bc75d274e25496f29e4dc5c37b86,d4f683821d1277d4d6b05d6d671fd63e66f6bc75d274e25496f29e4dc5c37b86,whole-file-failed-rolled-back,1,collision-only-in-current-local-template-production-prestate-not-rehearsed,index,payment_manual_bank_reference_unique,absent,no production authority inferred; exact file scope requires root review
20260927211801_editorial_quality_queue.sql,8c1b4550d4361f348246654bab356f3cd2366de48afb0eb384b90efb38526642,8c1b4550d4361f348246654bab356f3cd2366de48afb0eb384b90efb38526642,whole-file-failed-rolled-back,1,collision-only-in-current-local-template-production-prestate-not-rehearsed,function,editorial_quality_queue,absent,no production authority inferred; exact file scope requires root review
20260928073000_sponsorship_followup_assignment.sql,c1eb28ad0953d0ae3f9d85c574c363ee2fe342ea68ddc5bd9f6b9b09baf04ef2,c1eb28ad0953d0ae3f9d85c574c363ee2fe342ea68ddc5bd9f6b9b09baf04ef2,whole-file-failed-rolled-back,1,collision-only-in-current-local-template-production-prestate-not-rehearsed,column,public.sponsorship_pledge.followup_assignee_user_id,absent,no production authority inferred; exact file scope requires root review
20260928080000_sponsorship_followup_bulk.sql,c3819e013b6593b36d0257ad54d6920c75529596dda460f6d66011fe83857800,c3819e013b6593b36d0257ad54d6920c75529596dda460f6d66011fe83857800,whole-file-failed-rolled-back,1,collision-only-in-current-local-template-production-prestate-not-rehearsed,table,sponsorship_followup_bulk_operation,absent,no production authority inferred; exact file scope requires root review
20260928090000_finance_bank_dryrun.sql,9f55dabaa7d884ab2fa40fdb465bd38bce10ac4f8eaec05025e66ecbc45857a0,9f55dabaa7d884ab2fa40fdb465bd38bce10ac4f8eaec05025e66ecbc45857a0,whole-file-failed-rolled-back,1,collision-only-in-current-local-template-production-prestate-not-rehearsed,index,payment_pending_manual_amount_idx,absent,no production authority inferred; exact file scope requires root review
20260928100000_finance_delivery_retry_guard.sql,27a5e87e3175bd545b6fe0a03429933bb617dc4c7f30f5dd3538de61539ddf0a,27a5e87e3175bd545b6fe0a03429933bb617dc4c7f30f5dd3538de61539ddf0a,whole-file-failed-rolled-back,1,collision-only-in-current-local-template-production-prestate-not-rehearsed,index,donation_delivery_failed_queue_idx,absent,no production authority inferred; exact file scope requires root review
20260928110000_finance_bank_match_confirmation.sql,e858846491f534c204a8626406a988542d47d5540f28744491af258cf65ca1a3,e858846491f534c204a8626406a988542d47d5540f28744491af258cf65ca1a3,whole-file-failed-rolled-back,1,collision-only-in-current-local-template-production-prestate-not-rehearsed,table,finance_bank_match_operation,absent,no production authority inferred; exact file scope requires root review
20260928113000_crm_supporter_version_fence.sql,cd7ee888e94bf365533d006567a8c1b25dc0a092ee874918053669a7bebfbf62,cd7ee888e94bf365533d006567a8c1b25dc0a092ee874918053669a7bebfbf62,whole-file-success,0,isolated-whole-file-success-production-applicability-not-certified,,,,no production authority inferred; exact file scope requires root review
20260928120000_crm_assignment_bulk.sql,941b203c92e4a4fb163917a230008d6b8d19161927916e406c8ef668a8c42f09,941b203c92e4a4fb163917a230008d6b8d19161927916e406c8ef668a8c42f09,whole-file-failed-rolled-back,1,collision-only-in-current-local-template-production-prestate-not-rehearsed,column,public.supporter.crm_assignee_user_id,absent,no production authority inferred; exact file scope requires root review
20260930120000_supporter_recovery_single_use.sql,a136cc18848d9e927f57b1840c0a7058fdffba92701df4cf50fb18931cabc91e,a136cc18848d9e927f57b1840c0a7058fdffba92701df4cf50fb18931cabc91e,whole-file-success,0,isolated-whole-file-success-production-applicability-not-certified,,,,no production authority inferred; exact file scope requires root review
