order,version,file,raw_bytes,raw_sha256,lf_bytes,lf_sha256,git_blob,source_head,review_source,prerequisites,production_approved,production_applied,deployed,operationally_enabled,disposition,hold,filename_creation_provenance,backup_rollback_retest,order_kind,source_dependency_rank,source_predecessor_branch,source_predecessor_sha,profile_evidence,predecessor_evidence,profile_evidence_sha256,predecessor_evidence_sha256
1,20261001101333,supabase/migrations/20261001101333_r01_payment_idempotency_forward.sql,6250,5c25abdd2507c102e2892db9c8ed878132301ca7aecd55c9e33f304790d230c6,6250,5c25abdd2507c102e2892db9c8ed878132301ca7aecd55c9e33f304790d230c6,8c40b3037204e5d1e8c135b64170971ac6b3e4ce,e5a28c47b839fa12b770d1e639b0a74368021675,DRAFT_PR_183,"exact reviewed prerequisite catalog/Auth/roles/grants/defaults/native profile; no folder replay; Task1 five control-column ACL source approval outstanding; exact source predecessor 4bbd4a4dffbd053328e92c03281a23d1d4ebe682; profile/predecessor evidence fields bind own composition, not generic runtime admission",false,false,false,false,DO_NOT_APPLY,Task1 exact source ACL approval + release gates,historical scoped task CLI receipt; filename/read-only current hash bound; creation receipt not re-extracted in Task14,r01-release-runbook-20261006.md,FILENAME_TIMESTAMP_SORT_ONLY_NOT_EXECUTION_APPROVAL,1,main,4bbd4a4dffbd053328e92c03281a23d1d4ebe682,r01-forward/task-1-fix4-evidence.md,release-evidence-20261006.json,a70ec337fc03252f8db4e6a3029d6fcc34ddf1f8d02a9f55242d17b8928b8db4,16fffaab6769ada71e66ccabf41e5fdaa894acd8c4cc394d5fc5df35986b98b7
2,20261001134252,supabase/migrations/20261001134252_r01_adoption_upload_forward.sql,15241,ca4879d9c93d413941ccc5a13c17d4eba1f70b293169665583e4b23973d1a5f3,15241,ca4879d9c93d413941ccc5a13c17d4eba1f70b293169665583e4b23973d1a5f3,44cc24804a2f6934b9dea6b769744e530176d96e,e5a28c47b839fa12b770d1e639b0a74368021675,DRAFT_PR_184,"exact reviewed prerequisite catalog/Auth/roles/grants/defaults/native profile; no folder replay; exact source predecessor e79537a191d8119b6d4eaa48833a5db8e200a03c; profile/predecessor evidence fields bind own composition, not generic runtime admission",false,false,false,false,DO_NOT_APPLY,separate named-file production approval/freshCI/preflight/backup/rollback/UAT,historical scoped task CLI receipt; filename/read-only current hash bound; creation receipt not re-extracted in Task14,r01-release-runbook-20261006.md,FILENAME_TIMESTAMP_SORT_ONLY_NOT_EXECUTION_APPROVAL,2,codex/audit-r01-payment-columns-20261001,e79537a191d8119b6d4eaa48833a5db8e200a03c,r01-forward/task-2-adoption-upload.md,r01-forward/task-1-fix4-evidence.md,6e865f88742a74413e825ee8864f28e53b2487296937ab4dd332805c2f3c9bac,a70ec337fc03252f8db4e6a3029d6fcc34ddf1f8d02a9f55242d17b8928b8db4
3,20261001150925,supabase/migrations/20261001150925_r01_sponsorship_submission_forward.sql,37542,ca11bb5f0ce73523c7f5734e4d032307665c2357f0fecaf15f8fc593394f857c,37542,ca11bb5f0ce73523c7f5734e4d032307665c2357f0fecaf15f8fc593394f857c,3fbfa7fbd0e2f6c96b896b9dab838e011c0728ce,e5a28c47b839fa12b770d1e639b0a74368021675,DRAFT_PR_187,"exact reviewed prerequisite catalog/Auth/roles/grants/defaults/native profile; no folder replay; exact source predecessor 459438b4034e3f859c4f6218cbac12bdf76d9f68; profile/predecessor evidence fields bind own composition, not generic runtime admission",false,false,false,false,DO_NOT_APPLY,separate named-file production approval/freshCI/preflight/backup/rollback/UAT,historical scoped task CLI receipt; filename/read-only current hash bound; creation receipt not re-extracted in Task14,r01-release-runbook-20261006.md,FILENAME_TIMESTAMP_SORT_ONLY_NOT_EXECUTION_APPROVAL,5,codex/audit-r01-animal-preference-record-fields-20261002,459438b4034e3f859c4f6218cbac12bdf76d9f68,r01-forward/task-3-sponsorship-fix-1.md,r01-forward/task-3-animal-preference-fix-1.md,3d34dfdf15f49cc73f190aafa757402012ed1a67d2540e88542436e39f8aef9f,0b6dcd861a59c7bff847eb4cddbe11fe2d4ba2b3253df5fbc41dacc8e16df9a5
4,20261001154743,supabase/migrations/20261001154743_r01_animal_preference_record_fields.sql,5204,28a93d8679a222f89d193af055285c24e86df06f227a7c527df26829957e9867,5204,28a93d8679a222f89d193af055285c24e86df06f227a7c527df26829957e9867,e136673b7fa473605d62fe2eca7c4038d0987e4c,e5a28c47b839fa12b770d1e639b0a74368021675,DRAFT_PR_186,"exact reviewed prerequisite catalog/Auth/roles/grants/defaults/native profile; no folder replay; exact source predecessor 3e869c56526b4d8f6ac827b088117cdc7e301cf5; profile/predecessor evidence fields bind own composition, not generic runtime admission",false,false,false,false,DO_NOT_APPLY,separate named-file production approval/freshCI/preflight/backup/rollback/UAT,historical scoped task CLI receipt; filename/read-only current hash bound; creation receipt not re-extracted in Task14,r01-release-runbook-20261006.md,FILENAME_TIMESTAMP_SORT_ONLY_NOT_EXECUTION_APPROVAL,4,codex/audit-r01-core-scope-guard-20261002,3e869c56526b4d8f6ac827b088117cdc7e301cf5,r01-forward/task-3-animal-preference-fix-1.md,r01-forward/task-3-core-scope-guard-fix-1.md,0b6dcd861a59c7bff847eb4cddbe11fe2d4ba2b3253df5fbc41dacc8e16df9a5,666102aa356d36c7e56c21a45aa1a0bc624eb7d4e0256da9aa2b601ea61e8204
5,20261001175310,supabase/migrations/20261001175310_r01_internship_upload_forward.sql,18234,e64124a1a1d0609b77dae4f41ff82d9166fd857f5d22a6934d761af8f80d4f41,18234,e64124a1a1d0609b77dae4f41ff82d9166fd857f5d22a6934d761af8f80d4f41,aefaa92d6f8f10352313c31c30d9b762268ff41d,e5a28c47b839fa12b770d1e639b0a74368021675,DRAFT_PR_188,"exact reviewed prerequisite catalog/Auth/roles/grants/defaults/native profile; no folder replay; exact source predecessor 4fbbb477cba2b31c437c99d20c1af8e9a1ebbf69; profile/predecessor evidence fields bind own composition, not generic runtime admission",false,false,false,false,DO_NOT_APPLY,separate named-file production approval/freshCI/preflight/backup/rollback/UAT,historical scoped task CLI receipt; filename/read-only current hash bound; creation receipt not re-extracted in Task14,r01-release-runbook-20261006.md,FILENAME_TIMESTAMP_SORT_ONLY_NOT_EXECUTION_APPROVAL,6,codex/audit-r01-sponsorship-submission-20261001,4fbbb477cba2b31c437c99d20c1af8e9a1ebbf69,r01-forward/task-4-fix-1-internship-upload.md,r01-forward/task-3-sponsorship-fix-1.md,696e9005e1d14779d31c84dccd555f91642bf23bb4c197484e13f3456f745ca5,3d34dfdf15f49cc73f190aafa757402012ed1a67d2540e88542436e39f8aef9f
6,20261001193722,supabase/migrations/20261001193722_r01_animal_draft_archive_forward.sql,34033,2e63db57af4071932da88d7fee29d66b0f8c5fb37e7a29428380b872450fe4ca,34033,2e63db57af4071932da88d7fee29d66b0f8c5fb37e7a29428380b872450fe4ca,70d6bd5645cda79e76f99ab8ce8f0bd491ed0955,e5a28c47b839fa12b770d1e639b0a74368021675,DRAFT_PR_189,"exact reviewed prerequisite catalog/Auth/roles/grants/defaults/native profile; no folder replay; exact source predecessor 4906493f60ea806eab9ec6c2d9e18f7b4c1a3463; profile/predecessor evidence fields bind own composition, not generic runtime admission",false,false,false,false,DO_NOT_APPLY,separate named-file production approval/freshCI/preflight/backup/rollback/UAT,historical scoped task CLI receipt; filename/read-only current hash bound; creation receipt not re-extracted in Task14,r01-release-runbook-20261006.md,FILENAME_TIMESTAMP_SORT_ONLY_NOT_EXECUTION_APPROVAL,7,codex/audit-r01-internship-upload-20261002,4906493f60ea806eab9ec6c2d9e18f7b4c1a3463,r01-forward/task-5-fix-1-privilege-preflight.md,r01-forward/task-4-fix-1-internship-upload.md,03f057aeded1012d2b2ae1fbea19b7cb25f40c8f65dbfc9e528f846c521e575b,696e9005e1d14779d31c84dccd555f91642bf23bb4c197484e13f3456f745ca5
7,20261001213914,supabase/migrations/20261001213914_r01_crm_atomic_forward.sql,44473,2b1282a33bd5f6aa67c42af56ee45404fd97ff21e75ea9f3228b4c49d7a4cdd0,44473,2b1282a33bd5f6aa67c42af56ee45404fd97ff21e75ea9f3228b4c49d7a4cdd0,1a4bfc49e44ebf71e8b6be3b4b0016a3ccfe0044,e5a28c47b839fa12b770d1e639b0a74368021675,DRAFT_PR_190,"exact reviewed prerequisite catalog/Auth/roles/grants/defaults/native profile; no folder replay; exact source predecessor 592bcebda2dc0154d20684a1a2240cfbdd8ae3d1; profile/predecessor evidence fields bind own composition, not generic runtime admission",false,false,false,false,DO_NOT_APPLY,separate named-file production approval/freshCI/preflight/backup/rollback/UAT,historical scoped task CLI receipt; filename/read-only current hash bound; creation receipt not re-extracted in Task14,r01-release-runbook-20261006.md,FILENAME_TIMESTAMP_SORT_ONLY_NOT_EXECUTION_APPROVAL,8,codex/audit-r01-animal-draft-upload-20261002,592bcebda2dc0154d20684a1a2240cfbdd8ae3d1,r01-forward/task-6-fix-2-evidence.md,r01-forward/task-5-fix-1-privilege-preflight.md,5e83ef8dd2b240906273429a3066194e36b426d30cc174cec90d38373e22eb1e,03f057aeded1012d2b2ae1fbea19b7cb25f40c8f65dbfc9e528f846c521e575b
8,20261002011249,supabase/migrations/20261002011249_r01_cms_atomic_forward.sql,214203,a98d17d3c28ed5b24ef3e681cf7b71d623cc6c35856be767799b428eb0fcd901,214203,a98d17d3c28ed5b24ef3e681cf7b71d623cc6c35856be767799b428eb0fcd901,b65307664eadf821a41dc8dc3d9ed2f54661176c,e5a28c47b839fa12b770d1e639b0a74368021675,DRAFT_PR_191,"exact reviewed prerequisite catalog/Auth/roles/grants/defaults/native profile; no folder replay; exact source predecessor 5cd611721d5128f4a9f009ebe4b2646955d90db8; profile/predecessor evidence fields bind own composition, not generic runtime admission",false,false,false,false,DO_NOT_APPLY,separate named-file production approval/freshCI/preflight/backup/rollback/UAT,historical scoped task CLI receipt; filename/read-only current hash bound; creation receipt not re-extracted in Task14,r01-release-runbook-20261006.md,FILENAME_TIMESTAMP_SORT_ONLY_NOT_EXECUTION_APPROVAL,9,codex/audit-r01-crm-atomic-20261002,5cd611721d5128f4a9f009ebe4b2646955d90db8,r01-forward/task-7-evidence.md,r01-forward/task-6-fix-2-evidence.md,a16d94b6944266337ed81e242538a1c2e47a3d6d9a76c33370fc55a118f0041b,5e83ef8dd2b240906273429a3066194e36b426d30cc174cec90d38373e22eb1e
9,20261002045253,supabase/migrations/20261002045253_r01_adoption_atomic_forward.sql,353352,2fc84329a9e708694c03ffdc362e5c325c2c5d28d802d0170a6eb51667c1e9e3,353352,2fc84329a9e708694c03ffdc362e5c325c2c5d28d802d0170a6eb51667c1e9e3,0f3c42f2fc5be96a9aee52b0521b5cf6b5301d35,e5a28c47b839fa12b770d1e639b0a74368021675,DRAFT_PR_192,"exact reviewed prerequisite catalog/Auth/roles/grants/defaults/native profile; no folder replay; exact source predecessor d0403a1869ea6dead498e62aebe9723e95c3ec19; profile/predecessor evidence fields bind own composition, not generic runtime admission",false,false,false,false,DO_NOT_APPLY,separate named-file production approval/freshCI/preflight/backup/rollback/UAT,historical scoped task CLI receipt; filename/read-only current hash bound; creation receipt not re-extracted in Task14,r01-release-runbook-20261006.md,FILENAME_TIMESTAMP_SORT_ONLY_NOT_EXECUTION_APPROVAL,10,codex/audit-r01-cms-atomic-20261002,d0403a1869ea6dead498e62aebe9723e95c3ec19,r01-forward/task-9-fix-4-evidence.md,r01-forward/task-7-evidence.md,f3ba996589ea61a61adf708508fa9f1e31a38b98013ade5d28ebcd9f2d8d475d,a16d94b6944266337ed81e242538a1c2e47a3d6d9a76c33370fc55a118f0041b
10,20261002111418,supabase/migrations/20261002111418_r01_admin_access_atomic_forward.sql,204984,b2c90f0f06d2c4cd7abec4bba771748a95d20e33425cb6ee937c352cd55b262e,204984,b2c90f0f06d2c4cd7abec4bba771748a95d20e33425cb6ee937c352cd55b262e,16ae2b4efe1084f76c54da16ca2d7e543ec4b704,e5a28c47b839fa12b770d1e639b0a74368021675,DRAFT_PR_193,"exact reviewed prerequisite catalog/Auth/roles/grants/defaults/native profile; no folder replay; exact source predecessor efeb25631cef34cff13f3820229d4462323efbf3; profile/predecessor evidence fields bind own composition, not generic runtime admission",false,false,false,false,DO_NOT_APPLY,separate named-file production approval/freshCI/preflight/backup/rollback/UAT,historical scoped task CLI receipt; filename/read-only current hash bound; creation receipt not re-extracted in Task14,r01-release-runbook-20261006.md,FILENAME_TIMESTAMP_SORT_ONLY_NOT_EXECUTION_APPROVAL,11,codex/audit-r01-adoption-atomic-20261002,efeb25631cef34cff13f3820229d4462323efbf3,r01-forward/task-10-evidence.md,r01-forward/task-9-fix-4-evidence.md,0484a68084e254e80770f23983603df44d1a3fc0d769cb57f6469442293db006,f3ba996589ea61a61adf708508fa9f1e31a38b98013ade5d28ebcd9f2d8d475d
11,20261002170945,supabase/migrations/20261002170945_r01_finance_callback_forward.sql,1072499,47009c00d4412ba540e46bef74505e83992d5b830e8a43f88353a499392c7cde,1072499,47009c00d4412ba540e46bef74505e83992d5b830e8a43f88353a499392c7cde,3c595e8ccc332e46cd988d0569968b4c92f53597,e5a28c47b839fa12b770d1e639b0a74368021675,DRAFT_PR_194,"exact reviewed prerequisite catalog/Auth/roles/grants/defaults/native profile; no folder replay; exact source predecessor d45b849d300f76700efcf5450a9b426e32cc372f; profile/predecessor evidence fields bind own composition, not generic runtime admission",false,false,false,false,DO_NOT_APPLY,separate named-file production approval/freshCI/preflight/backup/rollback/UAT,historical scoped task CLI receipt; filename/read-only current hash bound; creation receipt not re-extracted in Task14,r01-release-runbook-20261006.md,FILENAME_TIMESTAMP_SORT_ONLY_NOT_EXECUTION_APPROVAL,12,codex/audit-r01-admin-atomic-20261002,d45b849d300f76700efcf5450a9b426e32cc372f,r01-forward/task-11-evidence.md,r01-forward/task-10-evidence.md,628d3eca1fd8e91829e3fa0e58b841439a2a2eca94f6393a59920e0cdb3b9b6f,0484a68084e254e80770f23983603df44d1a3fc0d769cb57f6469442293db006
12,20261003005322,supabase/migrations/20261003005322_r01_group_enquiry_forward.sql,1286399,90d640da5f8359258b56b29a46043a3f82a25b8058bb8e7136236bd524d8720b,1286399,90d640da5f8359258b56b29a46043a3f82a25b8058bb8e7136236bd524d8720b,c7c7da6b9c5e0a315c90d5fcc248b603170cf23f,e5a28c47b839fa12b770d1e639b0a74368021675,DRAFT_PR_195,"exact reviewed prerequisite catalog/Auth/roles/grants/defaults/native profile; no folder replay; exact source predecessor f4e96e3484d135d179caea835d913552d96d2dcb; profile/predecessor evidence fields bind own composition, not generic runtime admission",false,false,false,false,DO_NOT_APPLY,separate named-file production approval/freshCI/preflight/backup/rollback/UAT,historical scoped task CLI receipt; filename/read-only current hash bound; creation receipt not re-extracted in Task14,r01-release-runbook-20261006.md,FILENAME_TIMESTAMP_SORT_ONLY_NOT_EXECUTION_APPROVAL,13,codex/audit-r01-finance-callback-20261003,f4e96e3484d135d179caea835d913552d96d2dcb,r01-forward/task-12-evidence.md,r01-forward/task-11-evidence.md,6e65327f3df0a9829fd363e416f9f3b42fde7ffcafd10d18bede46266d8ee67f,628d3eca1fd8e91829e3fa0e58b841439a2a2eca94f6393a59920e0cdb3b9b6f
13,20261003075753,supabase/migrations/20261003075753_r01_document_publication_guards_forward.sql,40738,9ed664a6fe3bf2d8f93e2a96f34e6cf6b556c8b97e2ea63eb0ed132d0074ce82,40738,9ed664a6fe3bf2d8f93e2a96f34e6cf6b556c8b97e2ea63eb0ed132d0074ce82,0bf26b69c0ba9905ef69b7c786df89306eb5fe1b,e5a28c47b839fa12b770d1e639b0a74368021675,LOCAL_TASK13_E5A,exact reviewed prerequisite catalog/Auth/roles/grants/defaults/native profile; no folder replay; missing170006 or exactmodern170006/170011 only; missing170011 unsupported; before strengthening only,false,false,false,false,DO_NOT_APPLY,separate named-file production approval/freshCI/preflight/backup/rollback/UAT,historical scoped task CLI receipt; filename/read-only current hash bound; creation receipt not re-extracted in Task14,r01-release-runbook-20261006.md,FILENAME_TIMESTAMP_SORT_ONLY_NOT_EXECUTION_APPROVAL,14-restoration,codex/audit-r01-group-enquiry-20261003,2e176ebdf8647a1d13ae92a57116a3e73fa437b0,../r01-forward/document-publication-guards.md,r01-forward/task-12-evidence.md,da221cada0ec0974d368965bd3e90e84d5afc84cf51b91cd9f0001cf56930d1c,6e65327f3df0a9829fd363e416f9f3b42fde7ffcafd10d18bede46266d8ee67f
14,20261006023123,supabase/migrations/20261006023123_r01_document_publication_fence.sql,43776,4e158fadbe754781c5b2424108767158ccbb64bde3945d98337bee139d08da4b,43776,4e158fadbe754781c5b2424108767158ccbb64bde3945d98337bee139d08da4b,54173c06c6961bf653cf096f78314453191ccb3e,e5a28c47b839fa12b770d1e639b0a74368021675,LOCAL_TASK13_E5A,exact reviewed prerequisite catalog/Auth/roles/grants/defaults/native profile; no folder replay; recognized restored modern guards; asset-before-fence; never restoration-after-fence,false,false,false,false,DO_NOT_APPLY,separate named-file production approval/freshCI/preflight/backup/rollback/UAT,actual pinned CLI migration-new e31ba4/PID42372/native0; archived R262 receipt,r01-release-runbook-20261006.md,FILENAME_TIMESTAMP_SORT_ONLY_NOT_EXECUTION_APPROVAL,15-strengthening-after-restoration,same Task13 restored named modern profile,e5a28c47b839fa12b770d1e639b0a74368021675,../r01-forward/document-publication-guards.md,../r01-forward/document-publication-guards.md,da221cada0ec0974d368965bd3e90e84d5afc84cf51b91cd9f0001cf56930d1c,da221cada0ec0974d368965bd3e90e84d5afc84cf51b91cd9f0001cf56930d1c
