issue_id,disposition,changed_fields,source,qualification
PAY-01,REVIEWED_RETAINED,,release-package-20261006.md;tracker-history-20261006.json;original46 metadata pins in release-evidence-20261006.json,"issue-specific accepted source/merge, not global source or operational readiness"
PAY-02,REVIEWED_RETAINED,,release-package-20261006.md;tracker-history-20261006.json;original46 metadata pins in release-evidence-20261006.json,"issue-specific accepted source/merge, not global source or operational readiness"
PAY-03,REVIEWED_RETAINED,,release-package-20261006.md;tracker-history-20261006.json;original46 metadata pins in release-evidence-20261006.json,"issue-specific accepted source/merge, not global source or operational readiness"
PAY-04,CURRENT_FIELDS_CORRECTED,pr_commit,release-package-20261006.md;tracker-history-20261006.json;original46 metadata pins in release-evidence-20261006.json,"issue-specific accepted source/merge, not global source or operational readiness"
PAY-05,CURRENT_FIELDS_CORRECTED,implementation_status;current_sha;pr_commit,release-package-20261006.md;tracker-history-20261006.json;original46 metadata pins in release-evidence-20261006.json,"issue-specific accepted source/merge, not global source or operational readiness"
CONTENT-01,REVIEWED_RETAINED,,release-package-20261006.md;tracker-history-20261006.json;original46 metadata pins in release-evidence-20261006.json,"issue-specific accepted source/merge, not global source or operational readiness"
CONTENT-02,REVIEWED_RETAINED,,release-package-20261006.md;tracker-history-20261006.json;original46 metadata pins in release-evidence-20261006.json,"issue-specific accepted source/merge, not global source or operational readiness"
VOL-01,REVIEWED_RETAINED,,release-package-20261006.md;tracker-history-20261006.json;original46 metadata pins in release-evidence-20261006.json,"issue-specific accepted source/merge, not global source or operational readiness"
VOL-02,REVIEWED_RETAINED,,release-package-20261006.md;tracker-history-20261006.json;original46 metadata pins in release-evidence-20261006.json,"issue-specific accepted source/merge, not global source or operational readiness"
SPON-01,CURRENT_FIELDS_CORRECTED,current_sha;pr_commit,release-package-20261006.md;tracker-history-20261006.json;original46 metadata pins in release-evidence-20261006.json,"issue-specific accepted source/merge, not global source or operational readiness"
SPON-02,CURRENT_FIELDS_CORRECTED,current_sha;pr_commit,release-package-20261006.md;tracker-history-20261006.json;original46 metadata pins in release-evidence-20261006.json,"issue-specific accepted source/merge, not global source or operational readiness"
SPON-03,REVIEWED_RETAINED,,release-package-20261006.md;tracker-history-20261006.json;original46 metadata pins in release-evidence-20261006.json,"issue-specific accepted source/merge, not global source or operational readiness"
SPON-04,REVIEWED_RETAINED,,release-package-20261006.md;tracker-history-20261006.json;original46 metadata pins in release-evidence-20261006.json,"issue-specific accepted source/merge, not global source or operational readiness"
ADOPT-01,REVIEWED_RETAINED,,release-package-20261006.md;tracker-history-20261006.json;original46 metadata pins in release-evidence-20261006.json,"issue-specific accepted source/merge, not global source or operational readiness"
ADOPT-02,CURRENT_FIELDS_CORRECTED,deployed;current_sha;pr_commit;test_evidence;owner_blocker,release-package-20261006.md;tracker-history-20261006.json;original46 metadata pins in release-evidence-20261006.json,"issue-specific accepted source/merge, not global source or operational readiness"
CRM-01,REVIEWED_RETAINED,,release-package-20261006.md;tracker-history-20261006.json;original46 metadata pins in release-evidence-20261006.json,"issue-specific accepted source/merge, not global source or operational readiness"
ADMIN-01,REVIEWED_RETAINED,,release-package-20261006.md;tracker-history-20261006.json;original46 metadata pins in release-evidence-20261006.json,"issue-specific accepted source/merge, not global source or operational readiness"
ADMIN-02,REVIEWED_RETAINED,,release-package-20261006.md;tracker-history-20261006.json;original46 metadata pins in release-evidence-20261006.json,"issue-specific accepted source/merge, not global source or operational readiness"
ADMIN-03,REVIEWED_RETAINED,,release-package-20261006.md;tracker-history-20261006.json;original46 metadata pins in release-evidence-20261006.json,"issue-specific accepted source/merge, not global source or operational readiness"
ADMIN-04,CURRENT_FIELDS_CORRECTED,implementation_status;deployed;pr_commit;test_evidence;owner_blocker,release-package-20261006.md;tracker-history-20261006.json;original46 metadata pins in release-evidence-20261006.json,"issue-specific accepted source/merge, not global source or operational readiness"
PERF-01,REVIEWED_RETAINED,,release-package-20261006.md;tracker-history-20261006.json;original46 metadata pins in release-evidence-20261006.json,"issue-specific accepted source/merge, not global source or operational readiness"
OPS-01,CURRENT_FIELDS_CORRECTED,test_evidence,release-package-20261006.md;tracker-history-20261006.json;original46 metadata pins in release-evidence-20261006.json,"issue-specific accepted source/merge, not global source or operational readiness"
SEC-01,CURRENT_FIELDS_CORRECTED,current_sha;pr_commit,release-package-20261006.md;tracker-history-20261006.json;original46 metadata pins in release-evidence-20261006.json,"issue-specific accepted source/merge, not global source or operational readiness"
R01,CURRENT_FIELDS_CORRECTED,implementation_status;code_complete;schema_ready;deployed;operationally_enabled;current_sha;pr_commit;test_evidence;owner_blocker,release-package-20261006.md;tracker-history-20261006.json;original46 metadata pins in release-evidence-20261006.json,"issue-specific accepted source/merge, not global source or operational readiness"
R02,REVIEWED_RETAINED,,release-package-20261006.md;tracker-history-20261006.json;original46 metadata pins in release-evidence-20261006.json,"issue-specific accepted source/merge, not global source or operational readiness"
R03,REVIEWED_RETAINED,,release-package-20261006.md;tracker-history-20261006.json;original46 metadata pins in release-evidence-20261006.json,"issue-specific accepted source/merge, not global source or operational readiness"
R04,REVIEWED_RETAINED,,release-package-20261006.md;tracker-history-20261006.json;original46 metadata pins in release-evidence-20261006.json,"issue-specific accepted source/merge, not global source or operational readiness"
R05,REVIEWED_RETAINED,,release-package-20261006.md;tracker-history-20261006.json;original46 metadata pins in release-evidence-20261006.json,"issue-specific accepted source/merge, not global source or operational readiness"
R06,REVIEWED_RETAINED,,release-package-20261006.md;tracker-history-20261006.json;original46 metadata pins in release-evidence-20261006.json,"issue-specific accepted source/merge, not global source or operational readiness"
R07,REVIEWED_RETAINED,,release-package-20261006.md;tracker-history-20261006.json;original46 metadata pins in release-evidence-20261006.json,"issue-specific accepted source/merge, not global source or operational readiness"
R08,REVIEWED_RETAINED,,release-package-20261006.md;tracker-history-20261006.json;original46 metadata pins in release-evidence-20261006.json,"issue-specific accepted source/merge, not global source or operational readiness"
R09,REVIEWED_RETAINED,,release-package-20261006.md;tracker-history-20261006.json;original46 metadata pins in release-evidence-20261006.json,"issue-specific accepted source/merge, not global source or operational readiness"
R10,REVIEWED_RETAINED,,release-package-20261006.md;tracker-history-20261006.json;original46 metadata pins in release-evidence-20261006.json,"issue-specific accepted source/merge, not global source or operational readiness"
R11,REVIEWED_RETAINED,,release-package-20261006.md;tracker-history-20261006.json;original46 metadata pins in release-evidence-20261006.json,"issue-specific accepted source/merge, not global source or operational readiness"
