issue_id,baseline_status,tasks,implementation_status,code_complete,schema_ready,deployed,operationally_enabled,current_sha,pr_commit,test_evidence,owner_blocker
PAY-01,待修未啟用體驗；正式開通待營運批准,T03、T24,open,,,,,,,,
PAY-02,待修 server payment gate,T03,open,,,,,,,,
PAY-03,待統一付款資料來源,T04,open,,,,,,,,
PAY-04,待區分 unavailable／not_configured,T02、T04,open,,,,,,,,
PAY-05,待分拆付款與後續處理狀態,T05,open,,,,,,,,
CONTENT-01,未能關閉；需再核對正式內容,T18,code-complete; clone schema-ready; production approval pending,yes,yes (isolated exact clone),no,no,b8f0c007483d7fc3bf3e00b1cbb98489d899ee09,PR #153 repaired; CI 36607162283 five gates green,2936 pass 92 skip; typecheck lint build 0; clone DB 13 assertions; seven-row dry-run; before/after UI; sequential-merge-153-20260930.md,Exact two-file production approval requested after automatic review rejection; approved content/profiles; real role UAT
CONTENT-02,待補相片工作流及助養卡資訊,T18、T21,partial; T18/T21 code ready; approved photos/facts pending,partial,yes (isolated exact clone),no,no,fecb822aeff69c17545363ffb22d9fb60b95c261,PR #155 sequential verification,2943 pass 96 skip; typecheck lint build 0; DB 2 pass 22 assertions; 10k backfill; p50 221.73->17.56ms; UI; sequential-merge-155-20260930.md,Ordered preceding migrations and this exact production migration; real role UAT; paid image transforms disabled; approved photos/facts
"VOL-01","義工覆蓋率及空狀態","T16","code-complete; current CI pending","yes","not-required; catalog present","no","no","e3f8e1782ccd263c4e940c85f2c2d0e38fe1dbc8","PR #151 repaired","2856 pass 150 skip; typecheck lint build exit 0; coverage 17 pass; synthetic mobile desktop keyboard zoom pass; see sequential-merge-151-20260930.md","Remote DB/RLS gate; approved session publication and real role UAT not-run"
"VOL-02","義工共用容器","T16","code-complete; current CI pending","yes","not-required; catalog present","no","no","e3f8e1782ccd263c4e940c85f2c2d0e38fe1dbc8","PR #151 repaired","2856 pass 150 skip; typecheck lint build exit 0; coverage 17 pass; synthetic mobile desktop keyboard zoom pass; see sequential-merge-151-20260930.md","Remote DB/RLS gate; approved session publication and real role UAT not-run"
SPON-01,待修付款選項反向,T08,open,,,,,,,,
SPON-02,待提供可閱讀版本化條款,T08,open,,,,,,,,
SPON-03,待明確總額／偏好／月付性質,T08,open,,,,,,,,
SPON-04,部分改善；補草稿及錯誤處理,T08、T09,partial,,,,,,,,
ADOPT-01,待修本機草稿保存界線,T09,open,,,,,,,,
ADOPT-02,待完善準備、恢復與七步流程,T09、T24,open,,,,,,,,
CRM-01,產品缺口；先安全找回，再中心,T22,open,,,,,,,,
"ADMIN-01","待修匯出狀態與錯誤","T14","code-complete; production schema ready; worker gated","yes","yes (production 20260929160535)","yes","no","10db7f36315f780eed743b3182a60f1c3ae9c177","PR #147 / #148 merged","Both PR/main five gates passed; deployment READY; clone 145 assertions plus actual service_role lifecycle","CRON_SECRET absent; new jobs disabled; real identity UAT not-run"
"ADMIN-02","待修 supporter dialog 同步／衝突","T15","code-complete; production schema ready","yes","yes (production 20260929162248)","merged; deployment verifying","no","020e03eeb1b7a54cce908babc5ec3bd271d370a5","PR #149 merged","PR five CI gates pass; 15 profile hashes unchanged; actual service_role DB 3 pass 13 assertions; see sequential-merge-150-20260930.md","Main CI/deployment verifying; real staff UAT not-run; legacy creation RPC remains R01"
"ADMIN-03","列表搜尋","T15","code-complete; deployed; staff UAT pending","yes","n/a","yes","no","be4fcb642750e5a45839ce90ead6af1747a821f2","PR #150 merged","PR five jobs including isolated DB pass; typecheck lint build 0; mobile export/query regressions pass","Main CI verifying; real staff UAT not-run"
ADMIN-04,跨模組批量工作台,T17、T23,partial; volunteer slice code-complete,partial,existing volunteer catalog present,partial (#152),no,2b718dc8adcc123707885d1827071448ae4cdc6e,PR #152 merged; later bulk modules pending,PR CI 36600411611 five jobs green; bulk DB 3 pass 272 assertions; Vercel READY; main CI pending,Later module PRs; real roles and 1000-selection not-run
PERF-01,待 DB 篩選與分頁,T21,code-complete; exact clone schema-ready; production approval pending,yes,yes (isolated exact clone),no,no,fecb822aeff69c17545363ffb22d9fb60b95c261,PR #155 sequential verification,2943 pass 96 skip; typecheck lint build 0; DB 2 pass 22 assertions; 10k backfill; p50 221.73->17.56ms; UI; sequential-merge-155-20260930.md,Ordered preceding migrations and this exact production migration; real role UAT; paid image transforms disabled; approved photos/facts
OPS-01,再審核版本已關閉；保留 release gate,T00、T24,verified-fixed-at-reaudit,,,,,,,,
SEC-01,條件風險；未證實正式 secret 缺失,T02、T07,open,,,,,,,,
R01,公開需知已修；其餘相容性待查／修,T01、T02,partial,,,,,,,,
R02,待保留 error cause 與內容監控,T02,open,,,,,,,,
R03,待防 CMS tab 切換丟草稿,T10,open,,,,,,,,
R04,待 CMS history 分頁及直接查版本,T11,open,,,,,,,,
R05,待修屋苑 stale state／重用 ID,T12,open,,,,,,,,
R06,待原子排序,T13,open,,,,,,,,
R07,待修 null Turnstile token,T07,open,,,,,,,,
R08,待媒體 retry／queue 公平性,T19,code-complete; exact clone schema-ready; production approval pending,yes,yes (isolated exact clone),no,no,f1b28fb,PR #154 repaired; four-file schema bundle,2942 pass 94 skip; typecheck lint build 0; DB 2 pass 450 assertions; 500-row dry-run; before/after UI; sequential-merge-154-20260930.md,Four exact production migrations; hosted duration and Storage acceptance; real-role UAT; scheduler activation
R09,待量測同區 server execution,T20,open,,,,,,,,
R10,待收條香港日期,T06,open,,,,,,,,
R11,待字型載入與收條大小優化,T06,open,,,,,,,,
